,image,caption,cleanliness,subject,trial
0,data/images_clean/duck_clean_5_8.jpg,duck,clean,5,8
1,data/images_clean/squirrel_clean_6_3.jpg,squirrel,clean,6,3
2,data/images_clean/duck_clean_15_4.jpg,duck,clean,15,4
3,data/images_clean/chicken_clean_5_2.jpg,chicken,clean,5,2
4,data/images_clean/squirrel_clean_1_9.jpg,squirrel,clean,1,9
5,data/images_clean/duck_clean_7_5.jpg,duck,clean,7,5
6,data/images_clean/squirrel_clean_17_5.jpg,squirrel,clean,17,5
7,data/images_clean/duck_clean_7_4.jpg,duck,clean,7,4
8,data/images_clean/chicken_clean_15_6.jpg,chicken,clean,15,6
9,data/images_clean/squirrel_clean_13_4.jpg,squirrel,clean,13,4
10,data/images_clean/duck_clean_17_7.jpg,duck,clean,17,7
11,data/images_clean/duck_clean_11_1.jpg,duck,clean,11,1
12,data/images_clean/duck_clean_15_7.jpg,duck,clean,15,7
13,data/images_clean/duck_clean_12_8.jpg,duck,clean,12,8
14,data/images_clean/chicken_clean_9_9.jpg,chicken,clean,9,9
15,data/images_clean/chicken_clean_5_3.jpg,chicken,clean,5,3
16,data/images_clean/duck_clean_12_5.jpg,duck,clean,12,5
17,data/images_clean/duck_clean_12_0.jpg,duck,clean,12,0
18,data/images_clean/duck_clean_7_1.jpg,duck,clean,7,1
19,data/images_clean/duck_clean_19_1.jpg,duck,clean,19,1
20,data/images_clean/chicken_clean_15_2.jpg,chicken,clean,15,2
21,data/images_clean/duck_clean_2_4.jpg,duck,clean,2,4
22,data/images_clean/chicken_clean_20_5.jpg,chicken,clean,20,5
23,data/images_clean/duck_clean_6_2.jpg,duck,clean,6,2
24,data/images_clean/duck_clean_15_1.jpg,duck,clean,15,1
25,data/images_clean/chicken_clean_20_1.jpg,chicken,clean,20,1
26,data/images_clean/chicken_clean_17_4.jpg,chicken,clean,17,4
27,data/images_clean/chicken_clean_1_5.jpg,chicken,clean,1,5
28,data/images_clean/duck_clean_6_3.jpg,duck,clean,6,3
29,data/images_clean/squirrel_clean_0_3.jpg,squirrel,clean,0,3
30,data/images_clean/duck_clean_1_1.jpg,duck,clean,1,1
31,data/images_clean/squirrel_clean_20_0.jpg,squirrel,clean,20,0
32,data/images_clean/duck_clean_16_0.jpg,duck,clean,16,0
33,data/images_clean/squirrel_clean_10_6.jpg,squirrel,clean,10,6
34,data/images_clean/duck_clean_10_8.jpg,duck,clean,10,8
35,data/images_clean/chicken_clean_20_2.jpg,chicken,clean,20,2
36,data/images_clean/chicken_clean_17_1.jpg,chicken,clean,17,1
37,data/images_clean/squirrel_clean_13_6.jpg,squirrel,clean,13,6
38,data/images_clean/squirrel_clean_2_0.jpg,squirrel,clean,2,0
39,data/images_clean/chicken_clean_12_5.jpg,chicken,clean,12,5
40,data/images_clean/chicken_clean_14_8.jpg,chicken,clean,14,8
41,data/images_clean/duck_clean_20_6.jpg,duck,clean,20,6
42,data/images_clean/duck_clean_0_7.jpg,duck,clean,0,7
43,data/images_clean/chicken_clean_14_6.jpg,chicken,clean,14,6
44,data/images_clean/duck_clean_18_2.jpg,duck,clean,18,2
45,data/images_clean/chicken_clean_10_0.jpg,chicken,clean,10,0
46,data/images_clean/duck_clean_14_9.jpg,duck,clean,14,9
47,data/images_clean/squirrel_clean_2_3.jpg,squirrel,clean,2,3
48,data/images_clean/chicken_clean_17_2.jpg,chicken,clean,17,2
49,data/images_clean/duck_clean_16_8.jpg,duck,clean,16,8
50,data/images_clean/squirrel_clean_0_0.jpg,squirrel,clean,0,0
51,data/images_clean/chicken_clean_6_5.jpg,chicken,clean,6,5
52,data/images_clean/chicken_clean_18_9.jpg,chicken,clean,18,9
53,data/images_clean/duck_clean_8_0.jpg,duck,clean,8,0
54,data/images_clean/squirrel_clean_14_8.jpg,squirrel,clean,14,8
55,data/images_clean/duck_clean_10_4.jpg,duck,clean,10,4
56,data/images_clean/duck_clean_19_6.jpg,duck,clean,19,6
57,data/images_clean/chicken_clean_9_5.jpg,chicken,clean,9,5
58,data/images_clean/squirrel_clean_20_2.jpg,squirrel,clean,20,2
59,data/images_clean/squirrel_clean_3_6.jpg,squirrel,clean,3,6
60,data/images_clean/squirrel_clean_5_1.jpg,squirrel,clean,5,1
61,data/images_clean/chicken_clean_14_0.jpg,chicken,clean,14,0
62,data/images_clean/squirrel_clean_5_3.jpg,squirrel,clean,5,3
63,data/images_clean/squirrel_clean_11_4.jpg,squirrel,clean,11,4
64,data/images_clean/squirrel_clean_14_3.jpg,squirrel,clean,14,3
65,data/images_clean/duck_clean_8_8.jpg,duck,clean,8,8
66,data/images_clean/chicken_clean_9_3.jpg,chicken,clean,9,3
67,data/images_clean/chicken_clean_16_8.jpg,chicken,clean,16,8
68,data/images_clean/chicken_clean_7_8.jpg,chicken,clean,7,8
69,data/images_clean/chicken_clean_9_7.jpg,chicken,clean,9,7
70,data/images_clean/chicken_clean_13_9.jpg,chicken,clean,13,9
71,data/images_clean/chicken_clean_16_4.jpg,chicken,clean,16,4
72,data/images_clean/chicken_clean_13_8.jpg,chicken,clean,13,8
73,data/images_clean/squirrel_clean_11_8.jpg,squirrel,clean,11,8
74,data/images_clean/duck_clean_9_3.jpg,duck,clean,9,3
75,data/images_clean/squirrel_clean_7_2.jpg,squirrel,clean,7,2
76,data/images_clean/squirrel_clean_16_1.jpg,squirrel,clean,16,1
77,data/images_clean/chicken_clean_16_1.jpg,chicken,clean,16,1
78,data/images_clean/duck_clean_10_0.jpg,duck,clean,10,0
79,data/images_clean/squirrel_clean_7_5.jpg,squirrel,clean,7,5
80,data/images_clean/squirrel_clean_5_7.jpg,squirrel,clean,5,7
81,data/images_clean/chicken_clean_5_4.jpg,chicken,clean,5,4
82,data/images_clean/duck_clean_18_5.jpg,duck,clean,18,5
83,data/images_clean/duck_clean_16_9.jpg,duck,clean,16,9
84,data/images_clean/chicken_clean_19_2.jpg,chicken,clean,19,2
85,data/images_clean/squirrel_clean_5_6.jpg,squirrel,clean,5,6
86,data/images_clean/duck_clean_20_0.jpg,duck,clean,20,0
87,data/images_clean/chicken_clean_13_3.jpg,chicken,clean,13,3
88,data/images_clean/duck_clean_11_9.jpg,duck,clean,11,9
89,data/images_clean/chicken_clean_5_8.jpg,chicken,clean,5,8
90,data/images_clean/chicken_clean_18_6.jpg,chicken,clean,18,6
91,data/images_clean/squirrel_clean_10_7.jpg,squirrel,clean,10,7
92,data/images_clean/squirrel_clean_2_9.jpg,squirrel,clean,2,9
93,data/images_clean/chicken_clean_0_6.jpg,chicken,clean,0,6
94,data/images_clean/chicken_clean_16_7.jpg,chicken,clean,16,7
95,data/images_clean/squirrel_clean_14_4.jpg,squirrel,clean,14,4
96,data/images_clean/squirrel_clean_3_0.jpg,squirrel,clean,3,0
97,data/images_clean/chicken_clean_8_0.jpg,chicken,clean,8,0
98,data/images_clean/chicken_clean_11_3.jpg,chicken,clean,11,3
99,data/images_clean/duck_clean_12_3.jpg,duck,clean,12,3
100,data/images_clean/duck_clean_8_4.jpg,duck,clean,8,4
101,data/images_clean/duck_clean_16_1.jpg,duck,clean,16,1
102,data/images_clean/squirrel_clean_8_7.jpg,squirrel,clean,8,7
103,data/images_clean/duck_clean_6_8.jpg,duck,clean,6,8
104,data/images_clean/chicken_clean_2_2.jpg,chicken,clean,2,2
105,data/images_clean/duck_clean_5_0.jpg,duck,clean,5,0
106,data/images_clean/squirrel_clean_15_2.jpg,squirrel,clean,15,2
107,data/images_clean/duck_clean_7_9.jpg,duck,clean,7,9
108,data/images_clean/squirrel_clean_17_6.jpg,squirrel,clean,17,6
109,data/images_clean/chicken_clean_2_0.jpg,chicken,clean,2,0
110,data/images_clean/duck_clean_18_0.jpg,duck,clean,18,0
111,data/images_clean/duck_clean_17_1.jpg,duck,clean,17,1
112,data/images_clean/squirrel_clean_14_5.jpg,squirrel,clean,14,5
113,data/images_clean/squirrel_clean_19_1.jpg,squirrel,clean,19,1
114,data/images_clean/squirrel_clean_10_5.jpg,squirrel,clean,10,5
115,data/images_clean/chicken_clean_13_1.jpg,chicken,clean,13,1
116,data/images_clean/chicken_clean_12_9.jpg,chicken,clean,12,9
117,data/images_clean/squirrel_clean_6_7.jpg,squirrel,clean,6,7
118,data/images_clean/duck_clean_5_1.jpg,duck,clean,5,1
119,data/images_clean/squirrel_clean_13_8.jpg,squirrel,clean,13,8
120,data/images_clean/chicken_clean_18_2.jpg,chicken,clean,18,2
121,data/images_clean/chicken_clean_13_2.jpg,chicken,clean,13,2
122,data/images_clean/squirrel_clean_7_3.jpg,squirrel,clean,7,3
123,data/images_clean/duck_clean_17_8.jpg,duck,clean,17,8
124,data/images_clean/chicken_clean_5_5.jpg,chicken,clean,5,5
125,data/images_clean/duck_clean_1_7.jpg,duck,clean,1,7
126,data/images_clean/chicken_clean_14_7.jpg,chicken,clean,14,7
127,data/images_clean/chicken_clean_15_9.jpg,chicken,clean,15,9
128,data/images_clean/squirrel_clean_20_1.jpg,squirrel,clean,20,1
129,data/images_clean/chicken_clean_12_0.jpg,chicken,clean,12,0
130,data/images_clean/squirrel_clean_11_5.jpg,squirrel,clean,11,5
131,data/images_clean/chicken_clean_16_5.jpg,chicken,clean,16,5
132,data/images_clean/squirrel_clean_11_7.jpg,squirrel,clean,11,7
133,data/images_clean/squirrel_clean_12_3.jpg,squirrel,clean,12,3
134,data/images_clean/squirrel_clean_6_4.jpg,squirrel,clean,6,4
135,data/images_clean/chicken_clean_19_9.jpg,chicken,clean,19,9
136,data/images_clean/chicken_clean_8_1.jpg,chicken,clean,8,1
137,data/images_clean/chicken_clean_3_5.jpg,chicken,clean,3,5
138,data/images_clean/duck_clean_17_4.jpg,duck,clean,17,4
139,data/images_clean/chicken_clean_20_4.jpg,chicken,clean,20,4
140,data/images_clean/squirrel_clean_17_7.jpg,squirrel,clean,17,7
141,data/images_clean/duck_clean_10_1.jpg,duck,clean,10,1
142,data/images_clean/duck_clean_7_6.jpg,duck,clean,7,6
143,data/images_clean/chicken_clean_3_9.jpg,chicken,clean,3,9
144,data/images_clean/chicken_clean_8_2.jpg,chicken,clean,8,2
145,data/images_clean/duck_clean_20_5.jpg,duck,clean,20,5
146,data/images_clean/squirrel_clean_2_4.jpg,squirrel,clean,2,4
147,data/images_clean/squirrel_clean_13_9.jpg,squirrel,clean,13,9
148,data/images_clean/squirrel_clean_0_1.jpg,squirrel,clean,0,1
149,data/images_clean/duck_clean_3_5.jpg,duck,clean,3,5
150,data/images_clean/squirrel_clean_15_5.jpg,squirrel,clean,15,5
151,data/images_clean/chicken_clean_1_8.jpg,chicken,clean,1,8
152,data/images_clean/chicken_clean_6_1.jpg,chicken,clean,6,1
153,data/images_clean/squirrel_clean_19_0.jpg,squirrel,clean,19,0
154,data/images_clean/squirrel_clean_2_2.jpg,squirrel,clean,2,2
155,data/images_clean/squirrel_clean_14_9.jpg,squirrel,clean,14,9
156,data/images_clean/duck_clean_20_2.jpg,duck,clean,20,2
157,data/images_clean/squirrel_clean_19_8.jpg,squirrel,clean,19,8
158,data/images_clean/squirrel_clean_16_9.jpg,squirrel,clean,16,9
159,data/images_clean/squirrel_clean_12_4.jpg,squirrel,clean,12,4
160,data/images_clean/duck_clean_7_0.jpg,duck,clean,7,0
161,data/images_clean/squirrel_clean_15_6.jpg,squirrel,clean,15,6
162,data/images_clean/duck_clean_11_0.jpg,duck,clean,11,0
163,data/images_clean/squirrel_clean_20_5.jpg,squirrel,clean,20,5
164,data/images_clean/squirrel_clean_17_2.jpg,squirrel,clean,17,2
165,data/images_clean/duck_clean_5_3.jpg,duck,clean,5,3
166,data/images_clean/squirrel_clean_16_3.jpg,squirrel,clean,16,3
167,data/images_clean/squirrel_clean_15_8.jpg,squirrel,clean,15,8
168,data/images_clean/chicken_clean_12_4.jpg,chicken,clean,12,4
169,data/images_clean/chicken_clean_9_6.jpg,chicken,clean,9,6
170,data/images_clean/squirrel_clean_18_2.jpg,squirrel,clean,18,2
171,data/images_clean/chicken_clean_1_7.jpg,chicken,clean,1,7
172,data/images_clean/duck_clean_3_7.jpg,duck,clean,3,7
173,data/images_clean/chicken_clean_3_3.jpg,chicken,clean,3,3
174,data/images_clean/duck_clean_8_5.jpg,duck,clean,8,5
175,data/images_clean/duck_clean_2_5.jpg,duck,clean,2,5
176,data/images_clean/chicken_clean_15_3.jpg,chicken,clean,15,3
177,data/images_clean/chicken_clean_14_3.jpg,chicken,clean,14,3
178,data/images_clean/chicken_clean_14_5.jpg,chicken,clean,14,5
179,data/images_clean/chicken_clean_8_5.jpg,chicken,clean,8,5
180,data/images_clean/squirrel_clean_0_4.jpg,squirrel,clean,0,4
181,data/images_clean/duck_clean_14_3.jpg,duck,clean,14,3
182,data/images_clean/squirrel_clean_18_1.jpg,squirrel,clean,18,1
183,data/images_clean/duck_clean_8_9.jpg,duck,clean,8,9
184,data/images_clean/squirrel_clean_6_6.jpg,squirrel,clean,6,6
185,data/images_clean/duck_clean_11_8.jpg,duck,clean,11,8
186,data/images_clean/duck_clean_18_9.jpg,duck,clean,18,9
187,data/images_clean/duck_clean_6_7.jpg,duck,clean,6,7
188,data/images_clean/squirrel_clean_2_7.jpg,squirrel,clean,2,7
189,data/images_clean/chicken_clean_19_1.jpg,chicken,clean,19,1
190,data/images_clean/chicken_clean_9_4.jpg,chicken,clean,9,4
191,data/images_clean/chicken_clean_5_7.jpg,chicken,clean,5,7
192,data/images_clean/duck_clean_6_5.jpg,duck,clean,6,5
193,data/images_clean/chicken_clean_12_8.jpg,chicken,clean,12,8
194,data/images_clean/duck_clean_5_9.jpg,duck,clean,5,9
195,data/images_clean/duck_clean_9_6.jpg,duck,clean,9,6
196,data/images_clean/duck_clean_5_2.jpg,duck,clean,5,2
197,data/images_clean/chicken_clean_18_8.jpg,chicken,clean,18,8
198,data/images_clean/chicken_clean_6_2.jpg,chicken,clean,6,2
199,data/images_clean/chicken_clean_20_0.jpg,chicken,clean,20,0
200,data/images_clean/chicken_clean_1_2.jpg,chicken,clean,1,2
201,data/images_clean/duck_clean_18_4.jpg,duck,clean,18,4
202,data/images_clean/duck_clean_6_6.jpg,duck,clean,6,6
203,data/images_clean/squirrel_clean_7_9.jpg,squirrel,clean,7,9
204,data/images_clean/chicken_clean_10_2.jpg,chicken,clean,10,2
205,data/images_clean/squirrel_clean_8_5.jpg,squirrel,clean,8,5
206,data/images_clean/squirrel_clean_14_0.jpg,squirrel,clean,14,0
207,data/images_clean/chicken_clean_3_1.jpg,chicken,clean,3,1
208,data/images_clean/duck_clean_5_5.jpg,duck,clean,5,5
209,data/images_clean/duck_clean_9_9.jpg,duck,clean,9,9
210,data/images_clean/chicken_clean_9_2.jpg,chicken,clean,9,2
211,data/images_clean/chicken_clean_3_0.jpg,chicken,clean,3,0
212,data/images_clean/squirrel_clean_13_5.jpg,squirrel,clean,13,5
213,data/images_clean/squirrel_clean_13_1.jpg,squirrel,clean,13,1
214,data/images_clean/chicken_clean_2_8.jpg,chicken,clean,2,8
215,data/images_clean/squirrel_clean_7_7.jpg,squirrel,clean,7,7
216,data/images_clean/chicken_clean_11_7.jpg,chicken,clean,11,7
217,data/images_clean/chicken_clean_16_6.jpg,chicken,clean,16,6
218,data/images_clean/duck_clean_1_8.jpg,duck,clean,1,8
219,data/images_clean/duck_clean_13_9.jpg,duck,clean,13,9
220,data/images_clean/duck_clean_16_2.jpg,duck,clean,16,2
221,data/images_clean/duck_clean_19_5.jpg,duck,clean,19,5
222,data/images_clean/squirrel_clean_14_6.jpg,squirrel,clean,14,6
223,data/images_clean/duck_clean_8_3.jpg,duck,clean,8,3
224,data/images_clean/squirrel_clean_1_4.jpg,squirrel,clean,1,4
225,data/images_clean/squirrel_clean_8_3.jpg,squirrel,clean,8,3
226,data/images_clean/chicken_clean_10_8.jpg,chicken,clean,10,8
227,data/images_clean/duck_clean_14_5.jpg,duck,clean,14,5
228,data/images_clean/chicken_clean_7_1.jpg,chicken,clean,7,1
229,data/images_clean/squirrel_clean_11_1.jpg,squirrel,clean,11,1
230,data/images_clean/duck_clean_15_8.jpg,duck,clean,15,8
231,data/images_clean/chicken_clean_1_0.jpg,chicken,clean,1,0
232,data/images_clean/duck_clean_10_6.jpg,duck,clean,10,6
233,data/images_clean/duck_clean_10_7.jpg,duck,clean,10,7
234,data/images_clean/chicken_clean_17_5.jpg,chicken,clean,17,5
235,data/images_clean/chicken_clean_6_3.jpg,chicken,clean,6,3
236,data/images_clean/squirrel_clean_6_8.jpg,squirrel,clean,6,8
237,data/images_clean/chicken_clean_18_5.jpg,chicken,clean,18,5
238,data/images_clean/squirrel_clean_10_8.jpg,squirrel,clean,10,8
239,data/images_clean/squirrel_clean_9_4.jpg,squirrel,clean,9,4
240,data/images_clean/chicken_clean_8_8.jpg,chicken,clean,8,8
241,data/images_clean/duck_clean_10_5.jpg,duck,clean,10,5
242,data/images_clean/squirrel_clean_6_1.jpg,squirrel,clean,6,1
243,data/images_clean/squirrel_clean_8_9.jpg,squirrel,clean,8,9
244,data/images_clean/duck_clean_12_7.jpg,duck,clean,12,7
245,data/images_clean/chicken_clean_11_9.jpg,chicken,clean,11,9
246,data/images_clean/duck_clean_19_2.jpg,duck,clean,19,2
247,data/images_clean/duck_clean_1_4.jpg,duck,clean,1,4
248,data/images_clean/duck_clean_9_2.jpg,duck,clean,9,2
249,data/images_clean/chicken_clean_9_1.jpg,chicken,clean,9,1
250,data/images_clean/squirrel_clean_15_9.jpg,squirrel,clean,15,9
251,data/images_clean/chicken_clean_7_4.jpg,chicken,clean,7,4
252,data/images_clean/chicken_clean_8_6.jpg,chicken,clean,8,6
253,data/images_clean/duck_clean_0_3.jpg,duck,clean,0,3
254,data/images_clean/duck_clean_17_2.jpg,duck,clean,17,2
255,data/images_clean/duck_clean_12_9.jpg,duck,clean,12,9
256,data/images_clean/chicken_clean_19_6.jpg,chicken,clean,19,6
257,data/images_clean/chicken_clean_9_8.jpg,chicken,clean,9,8
258,data/images_clean/duck_clean_2_8.jpg,duck,clean,2,8
259,data/images_clean/squirrel_clean_3_4.jpg,squirrel,clean,3,4
260,data/images_clean/chicken_clean_3_4.jpg,chicken,clean,3,4
261,data/images_clean/chicken_clean_7_0.jpg,chicken,clean,7,0
262,data/images_clean/chicken_clean_7_5.jpg,chicken,clean,7,5
263,data/images_clean/squirrel_clean_13_3.jpg,squirrel,clean,13,3
264,data/images_clean/duck_clean_16_4.jpg,duck,clean,16,4
265,data/images_clean/duck_clean_1_0.jpg,duck,clean,1,0
266,data/images_clean/duck_clean_0_4.jpg,duck,clean,0,4
267,data/images_clean/squirrel_clean_6_2.jpg,squirrel,clean,6,2
268,data/images_clean/squirrel_clean_7_4.jpg,squirrel,clean,7,4
269,data/images_clean/squirrel_clean_11_0.jpg,squirrel,clean,11,0
270,data/images_clean/chicken_clean_17_7.jpg,chicken,clean,17,7
271,data/images_clean/duck_clean_13_1.jpg,duck,clean,13,1
272,data/images_clean/chicken_clean_20_8.jpg,chicken,clean,20,8
273,data/images_clean/chicken_clean_10_3.jpg,chicken,clean,10,3
274,data/images_clean/duck_clean_15_9.jpg,duck,clean,15,9
275,data/images_clean/chicken_clean_3_8.jpg,chicken,clean,3,8
276,data/images_clean/duck_clean_15_5.jpg,duck,clean,15,5
277,data/images_clean/duck_clean_13_3.jpg,duck,clean,13,3
278,data/images_clean/duck_clean_12_6.jpg,duck,clean,12,6
279,data/images_clean/chicken_clean_12_6.jpg,chicken,clean,12,6
280,data/images_clean/chicken_clean_20_9.jpg,chicken,clean,20,9
281,data/images_clean/squirrel_clean_9_2.jpg,squirrel,clean,9,2
282,data/images_clean/duck_clean_10_9.jpg,duck,clean,10,9
283,data/images_clean/chicken_clean_11_6.jpg,chicken,clean,11,6
284,data/images_clean/chicken_clean_12_1.jpg,chicken,clean,12,1
285,data/images_clean/chicken_clean_12_7.jpg,chicken,clean,12,7
286,data/images_clean/duck_clean_11_3.jpg,duck,clean,11,3
287,data/images_clean/squirrel_clean_17_1.jpg,squirrel,clean,17,1
288,data/images_clean/chicken_clean_1_3.jpg,chicken,clean,1,3
289,data/images_clean/chicken_clean_19_5.jpg,chicken,clean,19,5
290,data/images_clean/duck_clean_14_4.jpg,duck,clean,14,4
291,data/images_clean/squirrel_clean_8_6.jpg,squirrel,clean,8,6
292,data/images_clean/duck_clean_2_9.jpg,duck,clean,2,9
293,data/images_clean/squirrel_clean_3_3.jpg,squirrel,clean,3,3
294,data/images_clean/chicken_clean_7_3.jpg,chicken,clean,7,3
295,data/images_clean/duck_clean_11_2.jpg,duck,clean,11,2
296,data/images_clean/chicken_clean_0_2.jpg,chicken,clean,0,2
297,data/images_clean/duck_clean_13_4.jpg,duck,clean,13,4
298,data/images_clean/duck_clean_8_6.jpg,duck,clean,8,6
299,data/images_clean/squirrel_clean_18_7.jpg,squirrel,clean,18,7
300,data/images_clean/chicken_clean_8_3.jpg,chicken,clean,8,3
301,data/images_clean/duck_clean_14_2.jpg,duck,clean,14,2
302,data/images_clean/chicken_clean_5_0.jpg,chicken,clean,5,0
303,data/images_clean/duck_clean_14_6.jpg,duck,clean,14,6
304,data/images_clean/chicken_clean_0_1.jpg,chicken,clean,0,1
305,data/images_clean/chicken_clean_7_7.jpg,chicken,clean,7,7
306,data/images_clean/duck_clean_6_1.jpg,duck,clean,6,1
307,data/images_clean/chicken_clean_1_1.jpg,chicken,clean,1,1
308,data/images_clean/duck_clean_13_0.jpg,duck,clean,13,0
309,data/images_clean/squirrel_clean_10_9.jpg,squirrel,clean,10,9
310,data/images_clean/squirrel_clean_3_7.jpg,squirrel,clean,3,7
311,data/images_clean/chicken_clean_12_3.jpg,chicken,clean,12,3
312,data/images_clean/squirrel_clean_3_1.jpg,squirrel,clean,3,1
313,data/images_clean/duck_clean_20_1.jpg,duck,clean,20,1
314,data/images_clean/chicken_clean_0_7.jpg,chicken,clean,0,7
315,data/images_clean/squirrel_clean_16_6.jpg,squirrel,clean,16,6
316,data/images_clean/chicken_clean_6_8.jpg,chicken,clean,6,8
317,data/images_clean/chicken_clean_2_3.jpg,chicken,clean,2,3
318,data/images_clean/squirrel_clean_0_2.jpg,squirrel,clean,0,2
319,data/images_clean/squirrel_clean_5_0.jpg,squirrel,clean,5,0
320,data/images_clean/duck_clean_13_5.jpg,duck,clean,13,5
321,data/images_clean/duck_clean_11_7.jpg,duck,clean,11,7
322,data/images_clean/squirrel_clean_18_8.jpg,squirrel,clean,18,8
323,data/images_clean/squirrel_clean_5_8.jpg,squirrel,clean,5,8
324,data/images_clean/duck_clean_1_3.jpg,duck,clean,1,3
325,data/images_clean/squirrel_clean_2_6.jpg,squirrel,clean,2,6
326,data/images_clean/squirrel_clean_20_4.jpg,squirrel,clean,20,4
327,data/images_clean/chicken_clean_3_2.jpg,chicken,clean,3,2
328,data/images_clean/squirrel_clean_8_0.jpg,squirrel,clean,8,0
329,data/images_clean/chicken_clean_11_2.jpg,chicken,clean,11,2
330,data/images_clean/chicken_clean_2_6.jpg,chicken,clean,2,6
331,data/images_clean/chicken_clean_0_4.jpg,chicken,clean,0,4
332,data/images_clean/chicken_clean_3_6.jpg,chicken,clean,3,6
333,data/images_clean/duck_clean_12_2.jpg,duck,clean,12,2
334,data/images_clean/squirrel_clean_17_0.jpg,squirrel,clean,17,0
335,data/images_clean/chicken_clean_10_4.jpg,chicken,clean,10,4
336,data/images_clean/squirrel_clean_3_8.jpg,squirrel,clean,3,8
337,data/images_clean/squirrel_clean_10_1.jpg,squirrel,clean,10,1
338,data/images_clean/squirrel_clean_16_8.jpg,squirrel,clean,16,8
339,data/images_clean/chicken_clean_1_9.jpg,chicken,clean,1,9
340,data/images_clean/squirrel_clean_8_2.jpg,squirrel,clean,8,2
341,data/images_clean/chicken_clean_19_3.jpg,chicken,clean,19,3
342,data/images_clean/squirrel_clean_6_0.jpg,squirrel,clean,6,0
343,data/images_clean/squirrel_clean_18_6.jpg,squirrel,clean,18,6
344,data/images_clean/duck_clean_10_2.jpg,duck,clean,10,2
345,data/images_clean/chicken_clean_0_3.jpg,chicken,clean,0,3
346,data/images_clean/chicken_clean_17_8.jpg,chicken,clean,17,8
347,data/images_clean/squirrel_clean_12_1.jpg,squirrel,clean,12,1
348,data/images_clean/chicken_clean_11_5.jpg,chicken,clean,11,5
349,data/images_clean/chicken_clean_11_8.jpg,chicken,clean,11,8
350,data/images_clean/duck_clean_17_3.jpg,duck,clean,17,3
351,data/images_clean/squirrel_clean_15_4.jpg,squirrel,clean,15,4
352,data/images_clean/duck_clean_15_6.jpg,duck,clean,15,6
353,data/images_clean/duck_clean_19_0.jpg,duck,clean,19,0
354,data/images_clean/chicken_clean_20_6.jpg,chicken,clean,20,6
355,data/images_clean/squirrel_clean_0_9.jpg,squirrel,clean,0,9
356,data/images_clean/chicken_clean_6_0.jpg,chicken,clean,6,0
357,data/images_clean/squirrel_clean_18_5.jpg,squirrel,clean,18,5
358,data/images_clean/squirrel_clean_1_2.jpg,squirrel,clean,1,2
359,data/images_clean/duck_clean_2_2.jpg,duck,clean,2,2
360,data/images_clean/squirrel_clean_5_9.jpg,squirrel,clean,5,9
361,data/images_clean/squirrel_clean_16_4.jpg,squirrel,clean,16,4
362,data/images_clean/chicken_clean_6_6.jpg,chicken,clean,6,6
363,data/images_clean/duck_clean_19_8.jpg,duck,clean,19,8
364,data/images_clean/chicken_clean_7_6.jpg,chicken,clean,7,6
365,data/images_clean/squirrel_clean_0_5.jpg,squirrel,clean,0,5
366,data/images_clean/duck_clean_20_9.jpg,duck,clean,20,9
367,data/images_clean/chicken_clean_8_4.jpg,chicken,clean,8,4
368,data/images_clean/squirrel_clean_9_5.jpg,squirrel,clean,9,5
369,data/images_clean/chicken_clean_10_9.jpg,chicken,clean,10,9
370,data/images_clean/squirrel_clean_5_5.jpg,squirrel,clean,5,5
371,data/images_clean/chicken_clean_19_0.jpg,chicken,clean,19,0
372,data/images_clean/duck_clean_16_3.jpg,duck,clean,16,3
373,data/images_clean/squirrel_clean_9_7.jpg,squirrel,clean,9,7
374,data/images_clean/duck_clean_15_0.jpg,duck,clean,15,0
375,data/images_clean/chicken_clean_15_8.jpg,chicken,clean,15,8
376,data/images_clean/duck_clean_6_9.jpg,duck,clean,6,9
377,data/images_clean/squirrel_clean_13_7.jpg,squirrel,clean,13,7
378,data/images_clean/squirrel_clean_9_8.jpg,squirrel,clean,9,8
379,data/images_clean/duck_clean_17_0.jpg,duck,clean,17,0
380,data/images_clean/chicken_clean_16_3.jpg,chicken,clean,16,3
381,data/images_clean/squirrel_clean_17_4.jpg,squirrel,clean,17,4
382,data/images_clean/squirrel_clean_7_1.jpg,squirrel,clean,7,1
383,data/images_clean/chicken_clean_2_4.jpg,chicken,clean,2,4
384,data/images_clean/chicken_clean_13_5.jpg,chicken,clean,13,5
385,data/images_clean/chicken_clean_19_7.jpg,chicken,clean,19,7
386,data/images_clean/squirrel_clean_11_6.jpg,squirrel,clean,11,6
387,data/images_clean/duck_clean_1_6.jpg,duck,clean,1,6
388,data/images_clean/duck_clean_16_5.jpg,duck,clean,16,5
389,data/images_clean/duck_clean_0_5.jpg,duck,clean,0,5
390,data/images_clean/duck_clean_11_5.jpg,duck,clean,11,5
391,data/images_clean/duck_clean_1_2.jpg,duck,clean,1,2
392,data/images_clean/duck_clean_1_5.jpg,duck,clean,1,5
393,data/images_clean/squirrel_clean_13_0.jpg,squirrel,clean,13,0
394,data/images_clean/squirrel_clean_16_5.jpg,squirrel,clean,16,5
395,data/images_clean/duck_clean_8_1.jpg,duck,clean,8,1
396,data/images_clean/chicken_clean_14_1.jpg,chicken,clean,14,1
397,data/images_clean/squirrel_clean_7_8.jpg,squirrel,clean,7,8
398,data/images_clean/squirrel_clean_11_2.jpg,squirrel,clean,11,2
399,data/images_clean/duck_clean_17_5.jpg,duck,clean,17,5
400,data/images_clean/chicken_clean_10_1.jpg,chicken,clean,10,1
401,data/images_clean/squirrel_clean_9_0.jpg,squirrel,clean,9,0
402,data/images_clean/squirrel_clean_3_9.jpg,squirrel,clean,3,9
403,data/images_clean/duck_clean_0_2.jpg,duck,clean,0,2
404,data/images_clean/chicken_clean_20_7.jpg,chicken,clean,20,7
405,data/images_clean/chicken_clean_2_5.jpg,chicken,clean,2,5
406,data/images_clean/squirrel_clean_12_7.jpg,squirrel,clean,12,7
407,data/images_clean/chicken_clean_18_4.jpg,chicken,clean,18,4
408,data/images_clean/duck_clean_7_2.jpg,duck,clean,7,2
409,data/images_clean/chicken_clean_6_7.jpg,chicken,clean,6,7
410,data/images_clean/squirrel_clean_15_7.jpg,squirrel,clean,15,7
411,data/images_clean/chicken_clean_6_4.jpg,chicken,clean,6,4
412,data/images_clean/chicken_clean_11_4.jpg,chicken,clean,11,4
413,data/images_clean/squirrel_clean_15_0.jpg,squirrel,clean,15,0
414,data/images_clean/squirrel_clean_2_5.jpg,squirrel,clean,2,5
415,data/images_clean/chicken_clean_18_1.jpg,chicken,clean,18,1
416,data/images_clean/duck_clean_0_6.jpg,duck,clean,0,6
417,data/images_clean/squirrel_clean_6_9.jpg,squirrel,clean,6,9
418,data/images_clean/squirrel_clean_2_8.jpg,squirrel,clean,2,8
419,data/images_clean/squirrel_clean_9_9.jpg,squirrel,clean,9,9
420,data/images_clean/squirrel_clean_9_6.jpg,squirrel,clean,9,6
421,data/images_clean/duck_clean_11_4.jpg,duck,clean,11,4
422,data/images_clean/duck_clean_2_1.jpg,duck,clean,2,1
423,data/images_clean/squirrel_clean_14_2.jpg,squirrel,clean,14,2
424,data/images_clean/squirrel_clean_19_2.jpg,squirrel,clean,19,2
425,data/images_clean/duck_clean_7_3.jpg,duck,clean,7,3
426,data/images_clean/duck_clean_2_3.jpg,duck,clean,2,3
427,data/images_clean/duck_clean_11_6.jpg,duck,clean,11,6
428,data/images_clean/squirrel_clean_5_4.jpg,squirrel,clean,5,4
429,data/images_clean/duck_clean_7_7.jpg,duck,clean,7,7
430,data/images_clean/squirrel_clean_1_8.jpg,squirrel,clean,1,8
431,data/images_clean/duck_clean_3_0.jpg,duck,clean,3,0
432,data/images_clean/squirrel_clean_1_3.jpg,squirrel,clean,1,3
433,data/images_clean/chicken_clean_2_9.jpg,chicken,clean,2,9
434,data/images_clean/chicken_clean_17_9.jpg,chicken,clean,17,9
435,data/images_clean/squirrel_clean_0_8.jpg,squirrel,clean,0,8
436,data/images_clean/duck_clean_9_8.jpg,duck,clean,9,8
437,data/images_clean/chicken_clean_11_1.jpg,chicken,clean,11,1
438,data/images_clean/squirrel_clean_1_5.jpg,squirrel,clean,1,5
439,data/images_clean/chicken_clean_10_5.jpg,chicken,clean,10,5
440,data/images_clean/duck_clean_9_1.jpg,duck,clean,9,1
441,data/images_clean/squirrel_clean_19_9.jpg,squirrel,clean,19,9
442,data/images_clean/chicken_clean_19_4.jpg,chicken,clean,19,4
443,data/images_clean/duck_clean_20_4.jpg,duck,clean,20,4
444,data/images_clean/chicken_clean_1_6.jpg,chicken,clean,1,6
445,data/images_clean/chicken_clean_18_3.jpg,chicken,clean,18,3
446,data/images_clean/duck_clean_8_2.jpg,duck,clean,8,2
447,data/images_clean/chicken_clean_14_4.jpg,chicken,clean,14,4
448,data/images_clean/squirrel_clean_10_4.jpg,squirrel,clean,10,4
449,data/images_clean/squirrel_clean_11_9.jpg,squirrel,clean,11,9
450,data/images_clean/chicken_clean_16_0.jpg,chicken,clean,16,0
451,data/images_clean/squirrel_clean_3_2.jpg,squirrel,clean,3,2
452,data/images_clean/duck_clean_15_2.jpg,duck,clean,15,2
453,data/images_clean/duck_clean_19_3.jpg,duck,clean,19,3
454,data/images_clean/chicken_clean_5_6.jpg,chicken,clean,5,6
455,data/images_clean/chicken_clean_15_4.jpg,chicken,clean,15,4
456,data/images_clean/duck_clean_17_9.jpg,duck,clean,17,9
457,data/images_clean/duck_clean_18_6.jpg,duck,clean,18,6
458,data/images_clean/duck_clean_6_0.jpg,duck,clean,6,0
459,data/images_clean/chicken_clean_15_0.jpg,chicken,clean,15,0
460,data/images_clean/squirrel_clean_20_8.jpg,squirrel,clean,20,8
461,data/images_clean/squirrel_clean_6_5.jpg,squirrel,clean,6,5
462,data/images_clean/duck_clean_16_7.jpg,duck,clean,16,7
463,data/images_clean/squirrel_clean_17_3.jpg,squirrel,clean,17,3
464,data/images_clean/duck_clean_13_8.jpg,duck,clean,13,8
465,data/images_clean/chicken_clean_12_2.jpg,chicken,clean,12,2
466,data/images_clean/squirrel_clean_2_1.jpg,squirrel,clean,2,1
467,data/images_clean/chicken_clean_17_3.jpg,chicken,clean,17,3
468,data/images_clean/duck_clean_15_3.jpg,duck,clean,15,3
469,data/images_clean/chicken_clean_10_7.jpg,chicken,clean,10,7
470,data/images_clean/duck_clean_13_2.jpg,duck,clean,13,2
471,data/images_clean/chicken_clean_16_9.jpg,chicken,clean,16,9
472,data/images_clean/squirrel_clean_12_8.jpg,squirrel,clean,12,8
473,data/images_clean/duck_clean_3_1.jpg,duck,clean,3,1
474,data/images_clean/duck_clean_19_9.jpg,duck,clean,19,9
475,data/images_clean/duck_clean_3_4.jpg,duck,clean,3,4
476,data/images_clean/chicken_clean_6_9.jpg,chicken,clean,6,9
477,data/images_clean/squirrel_clean_18_9.jpg,squirrel,clean,18,9
478,data/images_clean/squirrel_clean_11_3.jpg,squirrel,clean,11,3
479,data/images_clean/squirrel_clean_16_7.jpg,squirrel,clean,16,7
480,data/images_clean/chicken_clean_15_1.jpg,chicken,clean,15,1
481,data/images_clean/duck_clean_5_6.jpg,duck,clean,5,6
482,data/images_clean/chicken_clean_13_6.jpg,chicken,clean,13,6
483,data/images_clean/chicken_clean_8_9.jpg,chicken,clean,8,9
484,data/images_clean/squirrel_clean_1_0.jpg,squirrel,clean,1,0
485,data/images_clean/squirrel_clean_0_7.jpg,squirrel,clean,0,7
486,data/images_clean/chicken_clean_5_1.jpg,chicken,clean,5,1
487,data/images_clean/duck_clean_20_8.jpg,duck,clean,20,8
488,data/images_clean/squirrel_clean_1_6.jpg,squirrel,clean,1,6
489,data/images_clean/chicken_clean_17_0.jpg,chicken,clean,17,0
490,data/images_clean/squirrel_clean_18_0.jpg,squirrel,clean,18,0
491,data/images_clean/squirrel_clean_13_2.jpg,squirrel,clean,13,2
492,data/images_clean/squirrel_clean_19_4.jpg,squirrel,clean,19,4
493,data/images_clean/duck_clean_9_4.jpg,duck,clean,9,4
494,data/images_clean/squirrel_clean_17_8.jpg,squirrel,clean,17,8
495,data/images_clean/duck_clean_16_6.jpg,duck,clean,16,6
496,data/images_clean/chicken_clean_11_0.jpg,chicken,clean,11,0
497,data/images_clean/duck_clean_0_8.jpg,duck,clean,0,8
498,data/images_clean/chicken_clean_17_6.jpg,chicken,clean,17,6
499,data/images_clean/squirrel_clean_3_5.jpg,squirrel,clean,3,5
500,data/images_clean/chicken_clean_13_7.jpg,chicken,clean,13,7
501,data/images_clean/squirrel_clean_7_0.jpg,squirrel,clean,7,0
502,data/images_clean/chicken_clean_7_9.jpg,chicken,clean,7,9
503,data/images_clean/chicken_clean_1_4.jpg,chicken,clean,1,4
504,data/images_clean/duck_clean_18_7.jpg,duck,clean,18,7
505,data/images_clean/chicken_clean_2_7.jpg,chicken,clean,2,7
506,data/images_clean/squirrel_clean_5_2.jpg,squirrel,clean,5,2
507,data/images_clean/chicken_clean_0_9.jpg,chicken,clean,0,9
508,data/images_clean/squirrel_clean_17_9.jpg,squirrel,clean,17,9
509,data/images_clean/chicken_clean_20_3.jpg,chicken,clean,20,3
510,data/images_clean/duck_clean_2_7.jpg,duck,clean,2,7
511,data/images_clean/duck_clean_10_3.jpg,duck,clean,10,3
512,data/images_clean/squirrel_clean_9_3.jpg,squirrel,clean,9,3
513,data/images_clean/duck_clean_12_1.jpg,duck,clean,12,1
514,data/images_clean/chicken_clean_0_0.jpg,chicken,clean,0,0
515,data/images_clean/squirrel_clean_12_2.jpg,squirrel,clean,12,2
516,data/images_clean/chicken_clean_14_2.jpg,chicken,clean,14,2
517,data/images_clean/duck_clean_17_6.jpg,duck,clean,17,6
518,data/images_clean/duck_clean_14_8.jpg,duck,clean,14,8
519,data/images_clean/duck_clean_18_3.jpg,duck,clean,18,3
520,data/images_clean/squirrel_clean_8_4.jpg,squirrel,clean,8,4
521,data/images_clean/chicken_clean_2_1.jpg,chicken,clean,2,1
522,data/images_clean/duck_clean_9_5.jpg,duck,clean,9,5
523,data/images_clean/chicken_clean_18_7.jpg,chicken,clean,18,7
524,data/images_clean/squirrel_clean_12_6.jpg,squirrel,clean,12,6
525,data/images_clean/squirrel_clean_0_6.jpg,squirrel,clean,0,6
526,data/images_clean/chicken_clean_18_0.jpg,chicken,clean,18,0
527,data/images_clean/chicken_clean_3_7.jpg,chicken,clean,3,7
528,data/images_clean/duck_clean_14_0.jpg,duck,clean,14,0
529,data/images_clean/duck_clean_13_7.jpg,duck,clean,13,7
530,data/images_clean/duck_clean_0_0.jpg,duck,clean,0,0
531,data/images_clean/duck_clean_14_7.jpg,duck,clean,14,7
532,data/images_clean/duck_clean_9_7.jpg,duck,clean,9,7
533,data/images_clean/duck_clean_20_7.jpg,duck,clean,20,7
534,data/images_clean/duck_clean_2_0.jpg,duck,clean,2,0
535,data/images_clean/duck_clean_2_6.jpg,duck,clean,2,6
536,data/images_clean/squirrel_clean_12_9.jpg,squirrel,clean,12,9
537,data/images_clean/squirrel_clean_18_3.jpg,squirrel,clean,18,3
538,data/images_clean/duck_clean_9_0.jpg,duck,clean,9,0
539,data/images_clean/squirrel_clean_8_8.jpg,squirrel,clean,8,8
540,data/images_clean/duck_clean_18_1.jpg,duck,clean,18,1
541,data/images_clean/squirrel_clean_20_3.jpg,squirrel,clean,20,3
542,data/images_clean/squirrel_clean_19_7.jpg,squirrel,clean,19,7
543,data/images_clean/duck_clean_14_1.jpg,duck,clean,14,1
544,data/images_clean/chicken_clean_13_0.jpg,chicken,clean,13,0
545,data/images_clean/duck_clean_8_7.jpg,duck,clean,8,7
546,data/images_clean/duck_clean_3_8.jpg,duck,clean,3,8
547,data/images_clean/squirrel_clean_15_3.jpg,squirrel,clean,15,3
548,data/images_clean/duck_clean_5_4.jpg,duck,clean,5,4
549,data/images_clean/duck_clean_18_8.jpg,duck,clean,18,8
550,data/images_clean/squirrel_clean_1_1.jpg,squirrel,clean,1,1
551,data/images_clean/duck_clean_3_3.jpg,duck,clean,3,3
552,data/images_clean/squirrel_clean_8_1.jpg,squirrel,clean,8,1
553,data/images_clean/chicken_clean_0_5.jpg,chicken,clean,0,5
554,data/images_clean/squirrel_clean_9_1.jpg,squirrel,clean,9,1
555,data/images_clean/squirrel_clean_20_9.jpg,squirrel,clean,20,9
556,data/images_clean/chicken_clean_14_9.jpg,chicken,clean,14,9
557,data/images_clean/chicken_clean_15_7.jpg,chicken,clean,15,7
558,data/images_clean/squirrel_clean_16_0.jpg,squirrel,clean,16,0
559,data/images_clean/chicken_clean_9_0.jpg,chicken,clean,9,0
560,data/images_clean/duck_clean_19_7.jpg,duck,clean,19,7
561,data/images_clean/squirrel_clean_16_2.jpg,squirrel,clean,16,2
562,data/images_clean/squirrel_clean_1_7.jpg,squirrel,clean,1,7
563,data/images_clean/squirrel_clean_20_6.jpg,squirrel,clean,20,6
564,data/images_clean/duck_clean_0_1.jpg,duck,clean,0,1
565,data/images_clean/chicken_clean_8_7.jpg,chicken,clean,8,7
566,data/images_clean/squirrel_clean_19_5.jpg,squirrel,clean,19,5
567,data/images_clean/squirrel_clean_15_1.jpg,squirrel,clean,15,1
568,data/images_clean/duck_clean_13_6.jpg,duck,clean,13,6
569,data/images_clean/squirrel_clean_12_5.jpg,squirrel,clean,12,5
570,data/images_clean/squirrel_clean_14_1.jpg,squirrel,clean,14,1
571,data/images_clean/squirrel_clean_18_4.jpg,squirrel,clean,18,4
572,data/images_clean/chicken_clean_0_8.jpg,chicken,clean,0,8
573,data/images_clean/duck_clean_1_9.jpg,duck,clean,1,9
574,data/images_clean/squirrel_clean_10_0.jpg,squirrel,clean,10,0
575,data/images_clean/duck_clean_19_4.jpg,duck,clean,19,4
576,data/images_clean/duck_clean_7_8.jpg,duck,clean,7,8
577,data/images_clean/duck_clean_3_2.jpg,duck,clean,3,2
578,data/images_clean/squirrel_clean_14_7.jpg,squirrel,clean,14,7
579,data/images_clean/duck_clean_0_9.jpg,duck,clean,0,9
580,data/images_clean/chicken_clean_15_5.jpg,chicken,clean,15,5
581,data/images_clean/duck_clean_12_4.jpg,duck,clean,12,4
582,data/images_clean/chicken_clean_10_6.jpg,chicken,clean,10,6
583,data/images_clean/duck_clean_3_6.jpg,duck,clean,3,6
584,data/images_clean/chicken_clean_13_4.jpg,chicken,clean,13,4
585,data/images_clean/chicken_clean_5_9.jpg,chicken,clean,5,9
586,data/images_noisy/duck_noisy_5_4.jpg,duck,noisy,5,4
587,data/images_noisy/duck_noisy_0_8.jpg,duck,noisy,0,8
588,data/images_noisy/chicken_noisy_15_9.jpg,chicken,noisy,15,9
589,data/images_noisy/squirrel_noisy_6_1.jpg,squirrel,noisy,6,1
590,data/images_noisy/squirrel_noisy_1_5.jpg,squirrel,noisy,1,5
591,data/images_noisy/chicken_noisy_14_5.jpg,chicken,noisy,14,5
592,data/images_noisy/duck_noisy_16_0.jpg,duck,noisy,16,0
593,data/images_noisy/chicken_noisy_3_8.jpg,chicken,noisy,3,8
594,data/images_noisy/duck_noisy_2_5.jpg,duck,noisy,2,5
595,data/images_noisy/duck_noisy_20_5.jpg,duck,noisy,20,5
596,data/images_noisy/chicken_noisy_3_1.jpg,chicken,noisy,3,1
597,data/images_noisy/chicken_noisy_2_4.jpg,chicken,noisy,2,4
598,data/images_noisy/duck_noisy_8_1.jpg,duck,noisy,8,1
599,data/images_noisy/chicken_noisy_5_2.jpg,chicken,noisy,5,2
600,data/images_noisy/chicken_noisy_14_1.jpg,chicken,noisy,14,1
601,data/images_noisy/squirrel_noisy_11_8.jpg,squirrel,noisy,11,8
602,data/images_noisy/squirrel_noisy_4_4.jpg,squirrel,noisy,4,4
603,data/images_noisy/squirrel_noisy_2_0.jpg,squirrel,noisy,2,0
604,data/images_noisy/squirrel_noisy_1_6.jpg,squirrel,noisy,1,6
605,data/images_noisy/duck_noisy_5_8.jpg,duck,noisy,5,8
606,data/images_noisy/duck_noisy_17_2.jpg,duck,noisy,17,2
607,data/images_noisy/squirrel_noisy_2_8.jpg,squirrel,noisy,2,8
608,data/images_noisy/squirrel_noisy_7_1.jpg,squirrel,noisy,7,1
609,data/images_noisy/chicken_noisy_11_3.jpg,chicken,noisy,11,3
610,data/images_noisy/chicken_noisy_0_4.jpg,chicken,noisy,0,4
611,data/images_noisy/squirrel_noisy_1_2.jpg,squirrel,noisy,1,2
612,data/images_noisy/chicken_noisy_18_9.jpg,chicken,noisy,18,9
613,data/images_noisy/squirrel_noisy_11_1.jpg,squirrel,noisy,11,1
614,data/images_noisy/squirrel_noisy_16_9.jpg,squirrel,noisy,16,9
615,data/images_noisy/squirrel_noisy_5_7.jpg,squirrel,noisy,5,7
616,data/images_noisy/duck_noisy_10_0.jpg,duck,noisy,10,0
617,data/images_noisy/duck_noisy_16_2.jpg,duck,noisy,16,2
618,data/images_noisy/squirrel_noisy_2_1.jpg,squirrel,noisy,2,1
619,data/images_noisy/duck_noisy_20_0.jpg,duck,noisy,20,0
620,data/images_noisy/duck_noisy_6_8.jpg,duck,noisy,6,8
621,data/images_noisy/chicken_noisy_11_6.jpg,chicken,noisy,11,6
622,data/images_noisy/chicken_noisy_20_9.jpg,chicken,noisy,20,9
623,data/images_noisy/squirrel_noisy_12_6.jpg,squirrel,noisy,12,6
624,data/images_noisy/duck_noisy_15_5.jpg,duck,noisy,15,5
625,data/images_noisy/squirrel_noisy_11_2.jpg,squirrel,noisy,11,2
626,data/images_noisy/chicken_noisy_20_8.jpg,chicken,noisy,20,8
627,data/images_noisy/chicken_noisy_2_9.jpg,chicken,noisy,2,9
628,data/images_noisy/chicken_noisy_6_7.jpg,chicken,noisy,6,7
629,data/images_noisy/duck_noisy_13_1.jpg,duck,noisy,13,1
630,data/images_noisy/chicken_noisy_5_6.jpg,chicken,noisy,5,6
631,data/images_noisy/chicken_noisy_18_6.jpg,chicken,noisy,18,6
632,data/images_noisy/squirrel_noisy_10_6.jpg,squirrel,noisy,10,6
633,data/images_noisy/squirrel_noisy_15_5.jpg,squirrel,noisy,15,5
634,data/images_noisy/duck_noisy_4_7.jpg,duck,noisy,4,7
635,data/images_noisy/squirrel_noisy_14_3.jpg,squirrel,noisy,14,3
636,data/images_noisy/chicken_noisy_3_2.jpg,chicken,noisy,3,2
637,data/images_noisy/chicken_noisy_1_3.jpg,chicken,noisy,1,3
638,data/images_noisy/squirrel_noisy_17_8.jpg,squirrel,noisy,17,8
639,data/images_noisy/squirrel_noisy_19_6.jpg,squirrel,noisy,19,6
640,data/images_noisy/squirrel_noisy_20_2.jpg,squirrel,noisy,20,2
641,data/images_noisy/chicken_noisy_14_9.jpg,chicken,noisy,14,9
642,data/images_noisy/duck_noisy_16_3.jpg,duck,noisy,16,3
643,data/images_noisy/duck_noisy_19_6.jpg,duck,noisy,19,6
644,data/images_noisy/squirrel_noisy_4_0.jpg,squirrel,noisy,4,0
645,data/images_noisy/chicken_noisy_14_3.jpg,chicken,noisy,14,3
646,data/images_noisy/chicken_noisy_11_9.jpg,chicken,noisy,11,9
647,data/images_noisy/chicken_noisy_9_3.jpg,chicken,noisy,9,3
648,data/images_noisy/squirrel_noisy_17_6.jpg,squirrel,noisy,17,6
649,data/images_noisy/chicken_noisy_12_6.jpg,chicken,noisy,12,6
650,data/images_noisy/squirrel_noisy_7_8.jpg,squirrel,noisy,7,8
651,data/images_noisy/duck_noisy_17_0.jpg,duck,noisy,17,0
652,data/images_noisy/squirrel_noisy_9_9.jpg,squirrel,noisy,9,9
653,data/images_noisy/chicken_noisy_8_4.jpg,chicken,noisy,8,4
654,data/images_noisy/duck_noisy_20_1.jpg,duck,noisy,20,1
655,data/images_noisy/chicken_noisy_4_7.jpg,chicken,noisy,4,7
656,data/images_noisy/squirrel_noisy_5_9.jpg,squirrel,noisy,5,9
657,data/images_noisy/duck_noisy_7_5.jpg,duck,noisy,7,5
658,data/images_noisy/squirrel_noisy_7_4.jpg,squirrel,noisy,7,4
659,data/images_noisy/duck_noisy_18_4.jpg,duck,noisy,18,4
660,data/images_noisy/chicken_noisy_8_3.jpg,chicken,noisy,8,3
661,data/images_noisy/squirrel_noisy_7_9.jpg,squirrel,noisy,7,9
662,data/images_noisy/duck_noisy_14_1.jpg,duck,noisy,14,1
663,data/images_noisy/chicken_noisy_12_4.jpg,chicken,noisy,12,4
664,data/images_noisy/duck_noisy_10_2.jpg,duck,noisy,10,2
665,data/images_noisy/duck_noisy_2_1.jpg,duck,noisy,2,1
666,data/images_noisy/squirrel_noisy_12_0.jpg,squirrel,noisy,12,0
667,data/images_noisy/squirrel_noisy_13_5.jpg,squirrel,noisy,13,5
668,data/images_noisy/duck_noisy_8_0.jpg,duck,noisy,8,0
669,data/images_noisy/duck_noisy_4_2.jpg,duck,noisy,4,2
670,data/images_noisy/duck_noisy_10_9.jpg,duck,noisy,10,9
671,data/images_noisy/squirrel_noisy_14_8.jpg,squirrel,noisy,14,8
672,data/images_noisy/chicken_noisy_20_1.jpg,chicken,noisy,20,1
673,data/images_noisy/squirrel_noisy_15_0.jpg,squirrel,noisy,15,0
674,data/images_noisy/duck_noisy_3_5.jpg,duck,noisy,3,5
675,data/images_noisy/squirrel_noisy_8_1.jpg,squirrel,noisy,8,1
676,data/images_noisy/chicken_noisy_1_7.jpg,chicken,noisy,1,7
677,data/images_noisy/chicken_noisy_6_6.jpg,chicken,noisy,6,6
678,data/images_noisy/chicken_noisy_19_9.jpg,chicken,noisy,19,9
679,data/images_noisy/duck_noisy_18_1.jpg,duck,noisy,18,1
680,data/images_noisy/squirrel_noisy_18_9.jpg,squirrel,noisy,18,9
681,data/images_noisy/chicken_noisy_11_7.jpg,chicken,noisy,11,7
682,data/images_noisy/duck_noisy_1_0.jpg,duck,noisy,1,0
683,data/images_noisy/chicken_noisy_20_4.jpg,chicken,noisy,20,4
684,data/images_noisy/duck_noisy_12_8.jpg,duck,noisy,12,8
685,data/images_noisy/squirrel_noisy_19_9.jpg,squirrel,noisy,19,9
686,data/images_noisy/chicken_noisy_4_1.jpg,chicken,noisy,4,1
687,data/images_noisy/squirrel_noisy_17_1.jpg,squirrel,noisy,17,1
688,data/images_noisy/duck_noisy_15_0.jpg,duck,noisy,15,0
689,data/images_noisy/duck_noisy_15_1.jpg,duck,noisy,15,1
690,data/images_noisy/squirrel_noisy_14_7.jpg,squirrel,noisy,14,7
691,data/images_noisy/squirrel_noisy_11_4.jpg,squirrel,noisy,11,4
692,data/images_noisy/squirrel_noisy_19_5.jpg,squirrel,noisy,19,5
693,data/images_noisy/squirrel_noisy_0_3.jpg,squirrel,noisy,0,3
694,data/images_noisy/duck_noisy_9_0.jpg,duck,noisy,9,0
695,data/images_noisy/squirrel_noisy_1_0.jpg,squirrel,noisy,1,0
696,data/images_noisy/chicken_noisy_16_6.jpg,chicken,noisy,16,6
697,data/images_noisy/squirrel_noisy_5_8.jpg,squirrel,noisy,5,8
698,data/images_noisy/chicken_noisy_14_2.jpg,chicken,noisy,14,2
699,data/images_noisy/squirrel_noisy_12_4.jpg,squirrel,noisy,12,4
700,data/images_noisy/duck_noisy_18_6.jpg,duck,noisy,18,6
701,data/images_noisy/duck_noisy_10_3.jpg,duck,noisy,10,3
702,data/images_noisy/duck_noisy_18_7.jpg,duck,noisy,18,7
703,data/images_noisy/chicken_noisy_4_0.jpg,chicken,noisy,4,0
704,data/images_noisy/duck_noisy_12_4.jpg,duck,noisy,12,4
705,data/images_noisy/chicken_noisy_10_9.jpg,chicken,noisy,10,9
706,data/images_noisy/squirrel_noisy_19_2.jpg,squirrel,noisy,19,2
707,data/images_noisy/duck_noisy_0_3.jpg,duck,noisy,0,3
708,data/images_noisy/squirrel_noisy_4_1.jpg,squirrel,noisy,4,1
709,data/images_noisy/duck_noisy_20_6.jpg,duck,noisy,20,6
710,data/images_noisy/squirrel_noisy_6_3.jpg,squirrel,noisy,6,3
711,data/images_noisy/duck_noisy_15_4.jpg,duck,noisy,15,4
712,data/images_noisy/squirrel_noisy_16_3.jpg,squirrel,noisy,16,3
713,data/images_noisy/squirrel_noisy_10_7.jpg,squirrel,noisy,10,7
714,data/images_noisy/squirrel_noisy_18_0.jpg,squirrel,noisy,18,0
715,data/images_noisy/chicken_noisy_14_8.jpg,chicken,noisy,14,8
716,data/images_noisy/chicken_noisy_16_3.jpg,chicken,noisy,16,3
717,data/images_noisy/squirrel_noisy_17_5.jpg,squirrel,noisy,17,5
718,data/images_noisy/chicken_noisy_11_1.jpg,chicken,noisy,11,1
719,data/images_noisy/duck_noisy_14_7.jpg,duck,noisy,14,7
720,data/images_noisy/duck_noisy_12_5.jpg,duck,noisy,12,5
721,data/images_noisy/squirrel_noisy_9_5.jpg,squirrel,noisy,9,5
722,data/images_noisy/duck_noisy_15_7.jpg,duck,noisy,15,7
723,data/images_noisy/duck_noisy_2_9.jpg,duck,noisy,2,9
724,data/images_noisy/squirrel_noisy_15_9.jpg,squirrel,noisy,15,9
725,data/images_noisy/duck_noisy_8_9.jpg,duck,noisy,8,9
726,data/images_noisy/duck_noisy_3_1.jpg,duck,noisy,3,1
727,data/images_noisy/chicken_noisy_5_9.jpg,chicken,noisy,5,9
728,data/images_noisy/chicken_noisy_0_8.jpg,chicken,noisy,0,8
729,data/images_noisy/duck_noisy_11_1.jpg,duck,noisy,11,1
730,data/images_noisy/duck_noisy_2_7.jpg,duck,noisy,2,7
731,data/images_noisy/squirrel_noisy_10_9.jpg,squirrel,noisy,10,9
732,data/images_noisy/squirrel_noisy_3_4.jpg,squirrel,noisy,3,4
733,data/images_noisy/duck_noisy_5_5.jpg,duck,noisy,5,5
734,data/images_noisy/chicken_noisy_20_3.jpg,chicken,noisy,20,3
735,data/images_noisy/chicken_noisy_19_7.jpg,chicken,noisy,19,7
736,data/images_noisy/duck_noisy_4_0.jpg,duck,noisy,4,0
737,data/images_noisy/duck_noisy_1_5.jpg,duck,noisy,1,5
738,data/images_noisy/chicken_noisy_10_3.jpg,chicken,noisy,10,3
739,data/images_noisy/duck_noisy_7_7.jpg,duck,noisy,7,7
740,data/images_noisy/duck_noisy_14_8.jpg,duck,noisy,14,8
741,data/images_noisy/chicken_noisy_20_0.jpg,chicken,noisy,20,0
742,data/images_noisy/duck_noisy_13_5.jpg,duck,noisy,13,5
743,data/images_noisy/squirrel_noisy_14_0.jpg,squirrel,noisy,14,0
744,data/images_noisy/chicken_noisy_7_0.jpg,chicken,noisy,7,0
745,data/images_noisy/chicken_noisy_17_2.jpg,chicken,noisy,17,2
746,data/images_noisy/chicken_noisy_8_9.jpg,chicken,noisy,8,9
747,data/images_noisy/chicken_noisy_19_1.jpg,chicken,noisy,19,1
748,data/images_noisy/chicken_noisy_0_7.jpg,chicken,noisy,0,7
749,data/images_noisy/duck_noisy_2_8.jpg,duck,noisy,2,8
750,data/images_noisy/duck_noisy_13_4.jpg,duck,noisy,13,4
751,data/images_noisy/squirrel_noisy_9_3.jpg,squirrel,noisy,9,3
752,data/images_noisy/duck_noisy_11_0.jpg,duck,noisy,11,0
753,data/images_noisy/chicken_noisy_13_0.jpg,chicken,noisy,13,0
754,data/images_noisy/chicken_noisy_5_8.jpg,chicken,noisy,5,8
755,data/images_noisy/chicken_noisy_9_4.jpg,chicken,noisy,9,4
756,data/images_noisy/chicken_noisy_14_0.jpg,chicken,noisy,14,0
757,data/images_noisy/squirrel_noisy_15_4.jpg,squirrel,noisy,15,4
758,data/images_noisy/chicken_noisy_2_2.jpg,chicken,noisy,2,2
759,data/images_noisy/chicken_noisy_1_6.jpg,chicken,noisy,1,6
760,data/images_noisy/squirrel_noisy_19_8.jpg,squirrel,noisy,19,8
761,data/images_noisy/duck_noisy_10_6.jpg,duck,noisy,10,6
762,data/images_noisy/squirrel_noisy_6_2.jpg,squirrel,noisy,6,2
763,data/images_noisy/duck_noisy_7_6.jpg,duck,noisy,7,6
764,data/images_noisy/chicken_noisy_20_6.jpg,chicken,noisy,20,6
765,data/images_noisy/squirrel_noisy_19_3.jpg,squirrel,noisy,19,3
766,data/images_noisy/chicken_noisy_10_8.jpg,chicken,noisy,10,8
767,data/images_noisy/squirrel_noisy_1_7.jpg,squirrel,noisy,1,7
768,data/images_noisy/duck_noisy_8_3.jpg,duck,noisy,8,3
769,data/images_noisy/chicken_noisy_7_6.jpg,chicken,noisy,7,6
770,data/images_noisy/squirrel_noisy_3_0.jpg,squirrel,noisy,3,0
771,data/images_noisy/squirrel_noisy_20_7.jpg,squirrel,noisy,20,7
772,data/images_noisy/duck_noisy_19_8.jpg,duck,noisy,19,8
773,data/images_noisy/chicken_noisy_19_3.jpg,chicken,noisy,19,3
774,data/images_noisy/duck_noisy_0_6.jpg,duck,noisy,0,6
775,data/images_noisy/squirrel_noisy_10_1.jpg,squirrel,noisy,10,1
776,data/images_noisy/duck_noisy_17_7.jpg,duck,noisy,17,7
777,data/images_noisy/duck_noisy_19_3.jpg,duck,noisy,19,3
778,data/images_noisy/duck_noisy_4_6.jpg,duck,noisy,4,6
779,data/images_noisy/duck_noisy_13_8.jpg,duck,noisy,13,8
780,data/images_noisy/duck_noisy_16_1.jpg,duck,noisy,16,1
781,data/images_noisy/squirrel_noisy_6_7.jpg,squirrel,noisy,6,7
782,data/images_noisy/chicken_noisy_12_0.jpg,chicken,noisy,12,0
783,data/images_noisy/squirrel_noisy_2_5.jpg,squirrel,noisy,2,5
784,data/images_noisy/chicken_noisy_1_0.jpg,chicken,noisy,1,0
785,data/images_noisy/chicken_noisy_3_4.jpg,chicken,noisy,3,4
786,data/images_noisy/squirrel_noisy_8_7.jpg,squirrel,noisy,8,7
787,data/images_noisy/duck_noisy_18_2.jpg,duck,noisy,18,2
788,data/images_noisy/duck_noisy_6_2.jpg,duck,noisy,6,2
789,data/images_noisy/duck_noisy_12_7.jpg,duck,noisy,12,7
790,data/images_noisy/duck_noisy_0_7.jpg,duck,noisy,0,7
791,data/images_noisy/duck_noisy_18_0.jpg,duck,noisy,18,0
792,data/images_noisy/chicken_noisy_4_3.jpg,chicken,noisy,4,3
793,data/images_noisy/chicken_noisy_1_5.jpg,chicken,noisy,1,5
794,data/images_noisy/squirrel_noisy_14_1.jpg,squirrel,noisy,14,1
795,data/images_noisy/chicken_noisy_0_5.jpg,chicken,noisy,0,5
796,data/images_noisy/duck_noisy_3_8.jpg,duck,noisy,3,8
797,data/images_noisy/squirrel_noisy_12_9.jpg,squirrel,noisy,12,9
798,data/images_noisy/chicken_noisy_15_2.jpg,chicken,noisy,15,2
799,data/images_noisy/chicken_noisy_11_5.jpg,chicken,noisy,11,5
800,data/images_noisy/duck_noisy_11_8.jpg,duck,noisy,11,8
801,data/images_noisy/chicken_noisy_18_0.jpg,chicken,noisy,18,0
802,data/images_noisy/squirrel_noisy_3_8.jpg,squirrel,noisy,3,8
803,data/images_noisy/squirrel_noisy_20_3.jpg,squirrel,noisy,20,3
804,data/images_noisy/chicken_noisy_17_3.jpg,chicken,noisy,17,3
805,data/images_noisy/duck_noisy_0_5.jpg,duck,noisy,0,5
806,data/images_noisy/chicken_noisy_9_1.jpg,chicken,noisy,9,1
807,data/images_noisy/duck_noisy_5_0.jpg,duck,noisy,5,0
808,data/images_noisy/duck_noisy_18_3.jpg,duck,noisy,18,3
809,data/images_noisy/chicken_noisy_7_8.jpg,chicken,noisy,7,8
810,data/images_noisy/squirrel_noisy_20_9.jpg,squirrel,noisy,20,9
811,data/images_noisy/duck_noisy_9_5.jpg,duck,noisy,9,5
812,data/images_noisy/squirrel_noisy_1_9.jpg,squirrel,noisy,1,9
813,data/images_noisy/duck_noisy_4_3.jpg,duck,noisy,4,3
814,data/images_noisy/squirrel_noisy_12_5.jpg,squirrel,noisy,12,5
815,data/images_noisy/chicken_noisy_16_0.jpg,chicken,noisy,16,0
816,data/images_noisy/duck_noisy_19_5.jpg,duck,noisy,19,5
817,data/images_noisy/squirrel_noisy_8_8.jpg,squirrel,noisy,8,8
818,data/images_noisy/duck_noisy_7_3.jpg,duck,noisy,7,3
819,data/images_noisy/squirrel_noisy_0_2.jpg,squirrel,noisy,0,2
820,data/images_noisy/duck_noisy_5_9.jpg,duck,noisy,5,9
821,data/images_noisy/duck_noisy_4_4.jpg,duck,noisy,4,4
822,data/images_noisy/chicken_noisy_6_3.jpg,chicken,noisy,6,3
823,data/images_noisy/duck_noisy_13_2.jpg,duck,noisy,13,2
824,data/images_noisy/duck_noisy_9_8.jpg,duck,noisy,9,8
825,data/images_noisy/squirrel_noisy_0_8.jpg,squirrel,noisy,0,8
826,data/images_noisy/squirrel_noisy_18_7.jpg,squirrel,noisy,18,7
827,data/images_noisy/squirrel_noisy_4_9.jpg,squirrel,noisy,4,9
828,data/images_noisy/squirrel_noisy_0_6.jpg,squirrel,noisy,0,6
829,data/images_noisy/chicken_noisy_7_1.jpg,chicken,noisy,7,1
830,data/images_noisy/chicken_noisy_18_8.jpg,chicken,noisy,18,8
831,data/images_noisy/duck_noisy_5_7.jpg,duck,noisy,5,7
832,data/images_noisy/chicken_noisy_8_2.jpg,chicken,noisy,8,2
833,data/images_noisy/duck_noisy_6_4.jpg,duck,noisy,6,4
834,data/images_noisy/duck_noisy_16_5.jpg,duck,noisy,16,5
835,data/images_noisy/duck_noisy_9_4.jpg,duck,noisy,9,4
836,data/images_noisy/duck_noisy_1_2.jpg,duck,noisy,1,2
837,data/images_noisy/duck_noisy_15_3.jpg,duck,noisy,15,3
838,data/images_noisy/squirrel_noisy_16_8.jpg,squirrel,noisy,16,8
839,data/images_noisy/chicken_noisy_8_0.jpg,chicken,noisy,8,0
840,data/images_noisy/squirrel_noisy_4_7.jpg,squirrel,noisy,4,7
841,data/images_noisy/squirrel_noisy_18_4.jpg,squirrel,noisy,18,4
842,data/images_noisy/duck_noisy_19_7.jpg,duck,noisy,19,7
843,data/images_noisy/duck_noisy_8_7.jpg,duck,noisy,8,7
844,data/images_noisy/chicken_noisy_18_5.jpg,chicken,noisy,18,5
845,data/images_noisy/chicken_noisy_6_8.jpg,chicken,noisy,6,8
846,data/images_noisy/duck_noisy_6_9.jpg,duck,noisy,6,9
847,data/images_noisy/squirrel_noisy_11_3.jpg,squirrel,noisy,11,3
848,data/images_noisy/chicken_noisy_0_0.jpg,chicken,noisy,0,0
849,data/images_noisy/squirrel_noisy_20_5.jpg,squirrel,noisy,20,5
850,data/images_noisy/squirrel_noisy_5_0.jpg,squirrel,noisy,5,0
851,data/images_noisy/squirrel_noisy_18_6.jpg,squirrel,noisy,18,6
852,data/images_noisy/chicken_noisy_11_4.jpg,chicken,noisy,11,4
853,data/images_noisy/chicken_noisy_15_3.jpg,chicken,noisy,15,3
854,data/images_noisy/duck_noisy_14_4.jpg,duck,noisy,14,4
855,data/images_noisy/squirrel_noisy_13_0.jpg,squirrel,noisy,13,0
856,data/images_noisy/squirrel_noisy_0_1.jpg,squirrel,noisy,0,1
857,data/images_noisy/chicken_noisy_19_5.jpg,chicken,noisy,19,5
858,data/images_noisy/squirrel_noisy_16_6.jpg,squirrel,noisy,16,6
859,data/images_noisy/duck_noisy_13_3.jpg,duck,noisy,13,3
860,data/images_noisy/squirrel_noisy_5_6.jpg,squirrel,noisy,5,6
861,data/images_noisy/squirrel_noisy_15_8.jpg,squirrel,noisy,15,8
862,data/images_noisy/chicken_noisy_8_7.jpg,chicken,noisy,8,7
863,data/images_noisy/squirrel_noisy_3_7.jpg,squirrel,noisy,3,7
864,data/images_noisy/squirrel_noisy_8_5.jpg,squirrel,noisy,8,5
865,data/images_noisy/duck_noisy_15_8.jpg,duck,noisy,15,8
866,data/images_noisy/chicken_noisy_9_8.jpg,chicken,noisy,9,8
867,data/images_noisy/squirrel_noisy_12_3.jpg,squirrel,noisy,12,3
868,data/images_noisy/squirrel_noisy_7_6.jpg,squirrel,noisy,7,6
869,data/images_noisy/chicken_noisy_4_2.jpg,chicken,noisy,4,2
870,data/images_noisy/duck_noisy_1_8.jpg,duck,noisy,1,8
871,data/images_noisy/squirrel_noisy_3_6.jpg,squirrel,noisy,3,6
872,data/images_noisy/squirrel_noisy_1_3.jpg,squirrel,noisy,1,3
873,data/images_noisy/duck_noisy_12_1.jpg,duck,noisy,12,1
874,data/images_noisy/squirrel_noisy_8_3.jpg,squirrel,noisy,8,3
875,data/images_noisy/duck_noisy_7_8.jpg,duck,noisy,7,8
876,data/images_noisy/squirrel_noisy_11_7.jpg,squirrel,noisy,11,7
877,data/images_noisy/duck_noisy_18_8.jpg,duck,noisy,18,8
878,data/images_noisy/chicken_noisy_4_9.jpg,chicken,noisy,4,9
879,data/images_noisy/duck_noisy_4_1.jpg,duck,noisy,4,1
880,data/images_noisy/duck_noisy_16_6.jpg,duck,noisy,16,6
881,data/images_noisy/chicken_noisy_5_0.jpg,chicken,noisy,5,0
882,data/images_noisy/squirrel_noisy_11_5.jpg,squirrel,noisy,11,5
883,data/images_noisy/duck_noisy_19_4.jpg,duck,noisy,19,4
884,data/images_noisy/chicken_noisy_8_1.jpg,chicken,noisy,8,1
885,data/images_noisy/squirrel_noisy_2_2.jpg,squirrel,noisy,2,2
886,data/images_noisy/duck_noisy_5_6.jpg,duck,noisy,5,6
887,data/images_noisy/chicken_noisy_12_8.jpg,chicken,noisy,12,8
888,data/images_noisy/squirrel_noisy_10_2.jpg,squirrel,noisy,10,2
889,data/images_noisy/squirrel_noisy_3_2.jpg,squirrel,noisy,3,2
890,data/images_noisy/chicken_noisy_1_2.jpg,chicken,noisy,1,2
891,data/images_noisy/squirrel_noisy_6_5.jpg,squirrel,noisy,6,5
892,data/images_noisy/squirrel_noisy_12_1.jpg,squirrel,noisy,12,1
893,data/images_noisy/duck_noisy_1_9.jpg,duck,noisy,1,9
894,data/images_noisy/duck_noisy_12_3.jpg,duck,noisy,12,3
895,data/images_noisy/squirrel_noisy_11_0.jpg,squirrel,noisy,11,0
896,data/images_noisy/duck_noisy_5_3.jpg,duck,noisy,5,3
897,data/images_noisy/squirrel_noisy_0_4.jpg,squirrel,noisy,0,4
898,data/images_noisy/chicken_noisy_15_0.jpg,chicken,noisy,15,0
899,data/images_noisy/squirrel_noisy_18_8.jpg,squirrel,noisy,18,8
900,data/images_noisy/duck_noisy_14_6.jpg,duck,noisy,14,6
901,data/images_noisy/duck_noisy_9_1.jpg,duck,noisy,9,1
902,data/images_noisy/duck_noisy_15_6.jpg,duck,noisy,15,6
903,data/images_noisy/squirrel_noisy_9_8.jpg,squirrel,noisy,9,8
904,data/images_noisy/squirrel_noisy_16_1.jpg,squirrel,noisy,16,1
905,data/images_noisy/chicken_noisy_10_5.jpg,chicken,noisy,10,5
906,data/images_noisy/duck_noisy_7_0.jpg,duck,noisy,7,0
907,data/images_noisy/squirrel_noisy_12_2.jpg,squirrel,noisy,12,2
908,data/images_noisy/squirrel_noisy_8_0.jpg,squirrel,noisy,8,0
909,data/images_noisy/duck_noisy_6_7.jpg,duck,noisy,6,7
910,data/images_noisy/duck_noisy_14_3.jpg,duck,noisy,14,3
911,data/images_noisy/duck_noisy_12_9.jpg,duck,noisy,12,9
912,data/images_noisy/squirrel_noisy_10_4.jpg,squirrel,noisy,10,4
913,data/images_noisy/squirrel_noisy_3_1.jpg,squirrel,noisy,3,1
914,data/images_noisy/duck_noisy_8_5.jpg,duck,noisy,8,5
915,data/images_noisy/squirrel_noisy_10_8.jpg,squirrel,noisy,10,8
916,data/images_noisy/chicken_noisy_17_1.jpg,chicken,noisy,17,1
917,data/images_noisy/squirrel_noisy_17_0.jpg,squirrel,noisy,17,0
918,data/images_noisy/duck_noisy_4_8.jpg,duck,noisy,4,8
919,data/images_noisy/squirrel_noisy_11_6.jpg,squirrel,noisy,11,6
920,data/images_noisy/squirrel_noisy_16_5.jpg,squirrel,noisy,16,5
921,data/images_noisy/duck_noisy_2_2.jpg,duck,noisy,2,2
922,data/images_noisy/duck_noisy_9_3.jpg,duck,noisy,9,3
923,data/images_noisy/chicken_noisy_13_5.jpg,chicken,noisy,13,5
924,data/images_noisy/squirrel_noisy_17_9.jpg,squirrel,noisy,17,9
925,data/images_noisy/squirrel_noisy_1_4.jpg,squirrel,noisy,1,4
926,data/images_noisy/duck_noisy_18_9.jpg,duck,noisy,18,9
927,data/images_noisy/chicken_noisy_7_5.jpg,chicken,noisy,7,5
928,data/images_noisy/squirrel_noisy_18_2.jpg,squirrel,noisy,18,2
929,data/images_noisy/chicken_noisy_13_2.jpg,chicken,noisy,13,2
930,data/images_noisy/duck_noisy_1_3.jpg,duck,noisy,1,3
931,data/images_noisy/chicken_noisy_16_5.jpg,chicken,noisy,16,5
932,data/images_noisy/chicken_noisy_14_6.jpg,chicken,noisy,14,6
933,data/images_noisy/chicken_noisy_10_1.jpg,chicken,noisy,10,1
934,data/images_noisy/duck_noisy_10_7.jpg,duck,noisy,10,7
935,data/images_noisy/chicken_noisy_18_7.jpg,chicken,noisy,18,7
936,data/images_noisy/chicken_noisy_2_7.jpg,chicken,noisy,2,7
937,data/images_noisy/duck_noisy_3_7.jpg,duck,noisy,3,7
938,data/images_noisy/duck_noisy_6_3.jpg,duck,noisy,6,3
939,data/images_noisy/duck_noisy_7_1.jpg,duck,noisy,7,1
940,data/images_noisy/chicken_noisy_18_3.jpg,chicken,noisy,18,3
941,data/images_noisy/duck_noisy_0_4.jpg,duck,noisy,0,4
942,data/images_noisy/duck_noisy_11_9.jpg,duck,noisy,11,9
943,data/images_noisy/squirrel_noisy_9_0.jpg,squirrel,noisy,9,0
944,data/images_noisy/chicken_noisy_7_3.jpg,chicken,noisy,7,3
945,data/images_noisy/duck_noisy_2_0.jpg,duck,noisy,2,0
946,data/images_noisy/duck_noisy_20_9.jpg,duck,noisy,20,9
947,data/images_noisy/squirrel_noisy_7_3.jpg,squirrel,noisy,7,3
948,data/images_noisy/squirrel_noisy_19_7.jpg,squirrel,noisy,19,7
949,data/images_noisy/duck_noisy_11_6.jpg,duck,noisy,11,6
950,data/images_noisy/squirrel_noisy_13_8.jpg,squirrel,noisy,13,8
951,data/images_noisy/chicken_noisy_12_1.jpg,chicken,noisy,12,1
952,data/images_noisy/squirrel_noisy_1_1.jpg,squirrel,noisy,1,1
953,data/images_noisy/duck_noisy_6_0.jpg,duck,noisy,6,0
954,data/images_noisy/squirrel_noisy_5_1.jpg,squirrel,noisy,5,1
955,data/images_noisy/chicken_noisy_3_5.jpg,chicken,noisy,3,5
956,data/images_noisy/squirrel_noisy_10_5.jpg,squirrel,noisy,10,5
957,data/images_noisy/duck_noisy_15_9.jpg,duck,noisy,15,9
958,data/images_noisy/squirrel_noisy_6_8.jpg,squirrel,noisy,6,8
959,data/images_noisy/chicken_noisy_19_2.jpg,chicken,noisy,19,2
960,data/images_noisy/squirrel_noisy_4_3.jpg,squirrel,noisy,4,3
961,data/images_noisy/duck_noisy_12_6.jpg,duck,noisy,12,6
962,data/images_noisy/chicken_noisy_15_6.jpg,chicken,noisy,15,6
963,data/images_noisy/squirrel_noisy_13_7.jpg,squirrel,noisy,13,7
964,data/images_noisy/squirrel_noisy_2_3.jpg,squirrel,noisy,2,3
965,data/images_noisy/duck_noisy_3_2.jpg,duck,noisy,3,2
966,data/images_noisy/duck_noisy_3_6.jpg,duck,noisy,3,6
967,data/images_noisy/chicken_noisy_6_5.jpg,chicken,noisy,6,5
968,data/images_noisy/squirrel_noisy_8_4.jpg,squirrel,noisy,8,4
969,data/images_noisy/duck_noisy_14_9.jpg,duck,noisy,14,9
970,data/images_noisy/squirrel_noisy_5_2.jpg,squirrel,noisy,5,2
971,data/images_noisy/chicken_noisy_11_0.jpg,chicken,noisy,11,0
972,data/images_noisy/squirrel_noisy_7_5.jpg,squirrel,noisy,7,5
973,data/images_noisy/chicken_noisy_10_2.jpg,chicken,noisy,10,2
974,data/images_noisy/chicken_noisy_15_4.jpg,chicken,noisy,15,4
975,data/images_noisy/squirrel_noisy_0_7.jpg,squirrel,noisy,0,7
976,data/images_noisy/duck_noisy_16_7.jpg,duck,noisy,16,7
977,data/images_noisy/squirrel_noisy_3_3.jpg,squirrel,noisy,3,3
978,data/images_noisy/chicken_noisy_4_4.jpg,chicken,noisy,4,4
979,data/images_noisy/squirrel_noisy_10_0.jpg,squirrel,noisy,10,0
980,data/images_noisy/chicken_noisy_20_5.jpg,chicken,noisy,20,5
981,data/images_noisy/duck_noisy_14_0.jpg,duck,noisy,14,0
982,data/images_noisy/duck_noisy_19_1.jpg,duck,noisy,19,1
983,data/images_noisy/squirrel_noisy_13_4.jpg,squirrel,noisy,13,4
984,data/images_noisy/squirrel_noisy_15_3.jpg,squirrel,noisy,15,3
985,data/images_noisy/duck_noisy_17_5.jpg,duck,noisy,17,5
986,data/images_noisy/duck_noisy_1_1.jpg,duck,noisy,1,1
987,data/images_noisy/duck_noisy_7_2.jpg,duck,noisy,7,2
988,data/images_noisy/chicken_noisy_16_2.jpg,chicken,noisy,16,2
989,data/images_noisy/chicken_noisy_14_7.jpg,chicken,noisy,14,7
990,data/images_noisy/squirrel_noisy_5_3.jpg,squirrel,noisy,5,3
991,data/images_noisy/chicken_noisy_1_8.jpg,chicken,noisy,1,8
992,data/images_noisy/squirrel_noisy_13_2.jpg,squirrel,noisy,13,2
993,data/images_noisy/chicken_noisy_5_4.jpg,chicken,noisy,5,4
994,data/images_noisy/chicken_noisy_5_7.jpg,chicken,noisy,5,7
995,data/images_noisy/duck_noisy_19_0.jpg,duck,noisy,19,0
996,data/images_noisy/duck_noisy_6_1.jpg,duck,noisy,6,1
997,data/images_noisy/squirrel_noisy_14_4.jpg,squirrel,noisy,14,4
998,data/images_noisy/squirrel_noisy_0_0.jpg,squirrel,noisy,0,0
999,data/images_noisy/chicken_noisy_4_5.jpg,chicken,noisy,4,5
1000,data/images_noisy/duck_noisy_20_2.jpg,duck,noisy,20,2
1001,data/images_noisy/chicken_noisy_6_4.jpg,chicken,noisy,6,4
1002,data/images_noisy/squirrel_noisy_7_0.jpg,squirrel,noisy,7,0
1003,data/images_noisy/squirrel_noisy_8_9.jpg,squirrel,noisy,8,9
1004,data/images_noisy/squirrel_noisy_0_5.jpg,squirrel,noisy,0,5
1005,data/images_noisy/chicken_noisy_13_9.jpg,chicken,noisy,13,9
1006,data/images_noisy/duck_noisy_15_2.jpg,duck,noisy,15,2
1007,data/images_noisy/squirrel_noisy_6_9.jpg,squirrel,noisy,6,9
1008,data/images_noisy/duck_noisy_7_4.jpg,duck,noisy,7,4
1009,data/images_noisy/squirrel_noisy_2_4.jpg,squirrel,noisy,2,4
1010,data/images_noisy/chicken_noisy_2_1.jpg,chicken,noisy,2,1
1011,data/images_noisy/duck_noisy_11_7.jpg,duck,noisy,11,7
1012,data/images_noisy/duck_noisy_17_6.jpg,duck,noisy,17,6
1013,data/images_noisy/chicken_noisy_13_6.jpg,chicken,noisy,13,6
1014,data/images_noisy/squirrel_noisy_15_7.jpg,squirrel,noisy,15,7
1015,data/images_noisy/duck_noisy_5_1.jpg,duck,noisy,5,1
1016,data/images_noisy/chicken_noisy_9_5.jpg,chicken,noisy,9,5
1017,data/images_noisy/chicken_noisy_1_4.jpg,chicken,noisy,1,4
1018,data/images_noisy/chicken_noisy_2_3.jpg,chicken,noisy,2,3
1019,data/images_noisy/squirrel_noisy_2_6.jpg,squirrel,noisy,2,6
1020,data/images_noisy/squirrel_noisy_9_4.jpg,squirrel,noisy,9,4
1021,data/images_noisy/squirrel_noisy_6_4.jpg,squirrel,noisy,6,4
1022,data/images_noisy/chicken_noisy_17_6.jpg,chicken,noisy,17,6
1023,data/images_noisy/chicken_noisy_16_8.jpg,chicken,noisy,16,8
1024,data/images_noisy/duck_noisy_2_4.jpg,duck,noisy,2,4
1025,data/images_noisy/chicken_noisy_13_1.jpg,chicken,noisy,13,1
1026,data/images_noisy/chicken_noisy_17_0.jpg,chicken,noisy,17,0
1027,data/images_noisy/squirrel_noisy_12_7.jpg,squirrel,noisy,12,7
1028,data/images_noisy/duck_noisy_8_2.jpg,duck,noisy,8,2
1029,data/images_noisy/squirrel_noisy_2_9.jpg,squirrel,noisy,2,9
1030,data/images_noisy/duck_noisy_0_1.jpg,duck,noisy,0,1
1031,data/images_noisy/duck_noisy_20_7.jpg,duck,noisy,20,7
1032,data/images_noisy/chicken_noisy_11_8.jpg,chicken,noisy,11,8
1033,data/images_noisy/squirrel_noisy_9_1.jpg,squirrel,noisy,9,1
1034,data/images_noisy/squirrel_noisy_18_5.jpg,squirrel,noisy,18,5
1035,data/images_noisy/squirrel_noisy_13_1.jpg,squirrel,noisy,13,1
1036,data/images_noisy/duck_noisy_1_4.jpg,duck,noisy,1,4
1037,data/images_noisy/duck_noisy_10_8.jpg,duck,noisy,10,8
1038,data/images_noisy/duck_noisy_17_8.jpg,duck,noisy,17,8
1039,data/images_noisy/chicken_noisy_9_2.jpg,chicken,noisy,9,2
1040,data/images_noisy/chicken_noisy_14_4.jpg,chicken,noisy,14,4
1041,data/images_noisy/squirrel_noisy_19_0.jpg,squirrel,noisy,19,0
1042,data/images_noisy/chicken_noisy_19_0.jpg,chicken,noisy,19,0
1043,data/images_noisy/squirrel_noisy_9_7.jpg,squirrel,noisy,9,7
1044,data/images_noisy/chicken_noisy_5_3.jpg,chicken,noisy,5,3
1045,data/images_noisy/duck_noisy_4_9.jpg,duck,noisy,4,9
1046,data/images_noisy/chicken_noisy_9_7.jpg,chicken,noisy,9,7
1047,data/images_noisy/duck_noisy_1_7.jpg,duck,noisy,1,7
1048,data/images_noisy/chicken_noisy_0_2.jpg,chicken,noisy,0,2
1049,data/images_noisy/duck_noisy_17_4.jpg,duck,noisy,17,4
1050,data/images_noisy/chicken_noisy_11_2.jpg,chicken,noisy,11,2
1051,data/images_noisy/chicken_noisy_17_7.jpg,chicken,noisy,17,7
1052,data/images_noisy/squirrel_noisy_0_9.jpg,squirrel,noisy,0,9
1053,data/images_noisy/chicken_noisy_19_6.jpg,chicken,noisy,19,6
1054,data/images_noisy/chicken_noisy_16_4.jpg,chicken,noisy,16,4
1055,data/images_noisy/chicken_noisy_8_8.jpg,chicken,noisy,8,8
1056,data/images_noisy/duck_noisy_11_4.jpg,duck,noisy,11,4
1057,data/images_noisy/squirrel_noisy_17_3.jpg,squirrel,noisy,17,3
1058,data/images_noisy/duck_noisy_9_2.jpg,duck,noisy,9,2
1059,data/images_noisy/squirrel_noisy_20_4.jpg,squirrel,noisy,20,4
1060,data/images_noisy/squirrel_noisy_17_7.jpg,squirrel,noisy,17,7
1061,data/images_noisy/chicken_noisy_9_6.jpg,chicken,noisy,9,6
1062,data/images_noisy/duck_noisy_11_2.jpg,duck,noisy,11,2
1063,data/images_noisy/chicken_noisy_1_9.jpg,chicken,noisy,1,9
1064,data/images_noisy/squirrel_noisy_17_4.jpg,squirrel,noisy,17,4
1065,data/images_noisy/chicken_noisy_18_1.jpg,chicken,noisy,18,1
1066,data/images_noisy/duck_noisy_16_8.jpg,duck,noisy,16,8
1067,data/images_noisy/duck_noisy_2_3.jpg,duck,noisy,2,3
1068,data/images_noisy/chicken_noisy_8_6.jpg,chicken,noisy,8,6
1069,data/images_noisy/duck_noisy_4_5.jpg,duck,noisy,4,5
1070,data/images_noisy/duck_noisy_6_6.jpg,duck,noisy,6,6
1071,data/images_noisy/duck_noisy_12_0.jpg,duck,noisy,12,0
1072,data/images_noisy/chicken_noisy_8_5.jpg,chicken,noisy,8,5
1073,data/images_noisy/chicken_noisy_2_0.jpg,chicken,noisy,2,0
1074,data/images_noisy/squirrel_noisy_14_2.jpg,squirrel,noisy,14,2
1075,data/images_noisy/duck_noisy_0_2.jpg,duck,noisy,0,2
1076,data/images_noisy/duck_noisy_10_5.jpg,duck,noisy,10,5
1077,data/images_noisy/squirrel_noisy_8_2.jpg,squirrel,noisy,8,2
1078,data/images_noisy/duck_noisy_12_2.jpg,duck,noisy,12,2
1079,data/images_noisy/chicken_noisy_2_6.jpg,chicken,noisy,2,6
1080,data/images_noisy/duck_noisy_9_9.jpg,duck,noisy,9,9
1081,data/images_noisy/chicken_noisy_15_5.jpg,chicken,noisy,15,5
1082,data/images_noisy/duck_noisy_3_3.jpg,duck,noisy,3,3
1083,data/images_noisy/chicken_noisy_12_3.jpg,chicken,noisy,12,3
1084,data/images_noisy/squirrel_noisy_16_2.jpg,squirrel,noisy,16,2
1085,data/images_noisy/chicken_noisy_0_1.jpg,chicken,noisy,0,1
1086,data/images_noisy/chicken_noisy_7_7.jpg,chicken,noisy,7,7
1087,data/images_noisy/squirrel_noisy_9_2.jpg,squirrel,noisy,9,2
1088,data/images_noisy/duck_noisy_2_6.jpg,duck,noisy,2,6
1089,data/images_noisy/chicken_noisy_5_1.jpg,chicken,noisy,5,1
1090,data/images_noisy/squirrel_noisy_10_3.jpg,squirrel,noisy,10,3
1091,data/images_noisy/duck_noisy_20_8.jpg,duck,noisy,20,8
1092,data/images_noisy/chicken_noisy_17_5.jpg,chicken,noisy,17,5
1093,data/images_noisy/squirrel_noisy_12_8.jpg,squirrel,noisy,12,8
1094,data/images_noisy/duck_noisy_8_4.jpg,duck,noisy,8,4
1095,data/images_noisy/squirrel_noisy_13_9.jpg,squirrel,noisy,13,9
1096,data/images_noisy/squirrel_noisy_4_8.jpg,squirrel,noisy,4,8
1097,data/images_noisy/chicken_noisy_20_2.jpg,chicken,noisy,20,2
1098,data/images_noisy/chicken_noisy_0_9.jpg,chicken,noisy,0,9
1099,data/images_noisy/duck_noisy_3_4.jpg,duck,noisy,3,4
1100,data/images_noisy/chicken_noisy_4_8.jpg,chicken,noisy,4,8
1101,data/images_noisy/squirrel_noisy_15_1.jpg,squirrel,noisy,15,1
1102,data/images_noisy/chicken_noisy_0_3.jpg,chicken,noisy,0,3
1103,data/images_noisy/duck_noisy_13_0.jpg,duck,noisy,13,0
1104,data/images_noisy/chicken_noisy_13_4.jpg,chicken,noisy,13,4
1105,data/images_noisy/chicken_noisy_2_5.jpg,chicken,noisy,2,5
1106,data/images_noisy/duck_noisy_13_9.jpg,duck,noisy,13,9
1107,data/images_noisy/duck_noisy_20_4.jpg,duck,noisy,20,4
1108,data/images_noisy/squirrel_noisy_17_2.jpg,squirrel,noisy,17,2
1109,data/images_noisy/chicken_noisy_7_9.jpg,chicken,noisy,7,9
1110,data/images_noisy/chicken_noisy_0_6.jpg,chicken,noisy,0,6
1111,data/images_noisy/chicken_noisy_12_5.jpg,chicken,noisy,12,5
1112,data/images_noisy/squirrel_noisy_8_6.jpg,squirrel,noisy,8,6
1113,data/images_noisy/chicken_noisy_9_0.jpg,chicken,noisy,9,0
1114,data/images_noisy/squirrel_noisy_15_6.jpg,squirrel,noisy,15,6
1115,data/images_noisy/squirrel_noisy_20_1.jpg,squirrel,noisy,20,1
1116,data/images_noisy/squirrel_noisy_1_8.jpg,squirrel,noisy,1,8
1117,data/images_noisy/chicken_noisy_3_3.jpg,chicken,noisy,3,3
1118,data/images_noisy/squirrel_noisy_20_6.jpg,squirrel,noisy,20,6
1119,data/images_noisy/chicken_noisy_13_7.jpg,chicken,noisy,13,7
1120,data/images_noisy/chicken_noisy_1_1.jpg,chicken,noisy,1,1
1121,data/images_noisy/duck_noisy_14_5.jpg,duck,noisy,14,5
1122,data/images_noisy/duck_noisy_0_9.jpg,duck,noisy,0,9
1123,data/images_noisy/squirrel_noisy_14_9.jpg,squirrel,noisy,14,9
1124,data/images_noisy/squirrel_noisy_16_4.jpg,squirrel,noisy,16,4
1125,data/images_noisy/squirrel_noisy_4_6.jpg,squirrel,noisy,4,6
1126,data/images_noisy/squirrel_noisy_4_5.jpg,squirrel,noisy,4,5
1127,data/images_noisy/chicken_noisy_16_9.jpg,chicken,noisy,16,9
1128,data/images_noisy/duck_noisy_16_9.jpg,duck,noisy,16,9
1129,data/images_noisy/squirrel_noisy_20_8.jpg,squirrel,noisy,20,8
1130,data/images_noisy/chicken_noisy_6_2.jpg,chicken,noisy,6,2
1131,data/images_noisy/chicken_noisy_13_3.jpg,chicken,noisy,13,3
1132,data/images_noisy/duck_noisy_5_2.jpg,duck,noisy,5,2
1133,data/images_noisy/squirrel_noisy_5_4.jpg,squirrel,noisy,5,4
1134,data/images_noisy/chicken_noisy_10_4.jpg,chicken,noisy,10,4
1135,data/images_noisy/chicken_noisy_17_4.jpg,chicken,noisy,17,4
1136,data/images_noisy/chicken_noisy_3_7.jpg,chicken,noisy,3,7
1137,data/images_noisy/duck_noisy_3_0.jpg,duck,noisy,3,0
1138,data/images_noisy/duck_noisy_10_1.jpg,duck,noisy,10,1
1139,data/images_noisy/squirrel_noisy_19_4.jpg,squirrel,noisy,19,4
1140,data/images_noisy/chicken_noisy_10_0.jpg,chicken,noisy,10,0
1141,data/images_noisy/duck_noisy_7_9.jpg,duck,noisy,7,9
1142,data/images_noisy/chicken_noisy_10_6.jpg,chicken,noisy,10,6
1143,data/images_noisy/duck_noisy_13_6.jpg,duck,noisy,13,6
1144,data/images_noisy/chicken_noisy_6_0.jpg,chicken,noisy,6,0
1145,data/images_noisy/chicken_noisy_9_9.jpg,chicken,noisy,9,9
1146,data/images_noisy/chicken_noisy_10_7.jpg,chicken,noisy,10,7
1147,data/images_noisy/chicken_noisy_19_4.jpg,chicken,noisy,19,4
1148,data/images_noisy/duck_noisy_10_4.jpg,duck,noisy,10,4
1149,data/images_noisy/squirrel_noisy_15_2.jpg,squirrel,noisy,15,2
1150,data/images_noisy/squirrel_noisy_16_0.jpg,squirrel,noisy,16,0
1151,data/images_noisy/squirrel_noisy_5_5.jpg,squirrel,noisy,5,5
1152,data/images_noisy/chicken_noisy_12_7.jpg,chicken,noisy,12,7
1153,data/images_noisy/duck_noisy_19_9.jpg,duck,noisy,19,9
1154,data/images_noisy/chicken_noisy_15_8.jpg,chicken,noisy,15,8
1155,data/images_noisy/duck_noisy_17_9.jpg,duck,noisy,17,9
1156,data/images_noisy/chicken_noisy_2_8.jpg,chicken,noisy,2,8
1157,data/images_noisy/squirrel_noisy_19_1.jpg,squirrel,noisy,19,1
1158,data/images_noisy/chicken_noisy_5_5.jpg,chicken,noisy,5,5
1159,data/images_noisy/squirrel_noisy_3_9.jpg,squirrel,noisy,3,9
1160,data/images_noisy/chicken_noisy_13_8.jpg,chicken,noisy,13,8
1161,data/images_noisy/squirrel_noisy_14_5.jpg,squirrel,noisy,14,5
1162,data/images_noisy/duck_noisy_0_0.jpg,duck,noisy,0,0
1163,data/images_noisy/duck_noisy_11_3.jpg,duck,noisy,11,3
1164,data/images_noisy/squirrel_noisy_18_3.jpg,squirrel,noisy,18,3
1165,data/images_noisy/duck_noisy_1_6.jpg,duck,noisy,1,6
1166,data/images_noisy/chicken_noisy_20_7.jpg,chicken,noisy,20,7
1167,data/images_noisy/squirrel_noisy_16_7.jpg,squirrel,noisy,16,7
1168,data/images_noisy/duck_noisy_9_7.jpg,duck,noisy,9,7
1169,data/images_noisy/squirrel_noisy_7_7.jpg,squirrel,noisy,7,7
1170,data/images_noisy/duck_noisy_19_2.jpg,duck,noisy,19,2
1171,data/images_noisy/duck_noisy_16_4.jpg,duck,noisy,16,4
1172,data/images_noisy/duck_noisy_8_6.jpg,duck,noisy,8,6
1173,data/images_noisy/squirrel_noisy_18_1.jpg,squirrel,noisy,18,1
1174,data/images_noisy/chicken_noisy_3_6.jpg,chicken,noisy,3,6
1175,data/images_noisy/squirrel_noisy_3_5.jpg,squirrel,noisy,3,5
1176,data/images_noisy/duck_noisy_17_1.jpg,duck,noisy,17,1
1177,data/images_noisy/chicken_noisy_15_1.jpg,chicken,noisy,15,1
1178,data/images_noisy/duck_noisy_9_6.jpg,duck,noisy,9,6
1179,data/images_noisy/squirrel_noisy_9_6.jpg,squirrel,noisy,9,6
1180,data/images_noisy/duck_noisy_17_3.jpg,duck,noisy,17,3
1181,data/images_noisy/chicken_noisy_7_2.jpg,chicken,noisy,7,2
1182,data/images_noisy/chicken_noisy_6_9.jpg,chicken,noisy,6,9
1183,data/images_noisy/squirrel_noisy_6_6.jpg,squirrel,noisy,6,6
1184,data/images_noisy/chicken_noisy_16_7.jpg,chicken,noisy,16,7
1185,data/images_noisy/duck_noisy_18_5.jpg,duck,noisy,18,5
1186,data/images_noisy/chicken_noisy_7_4.jpg,chicken,noisy,7,4
1187,data/images_noisy/chicken_noisy_3_0.jpg,chicken,noisy,3,0
1188,data/images_noisy/duck_noisy_11_5.jpg,duck,noisy,11,5
1189,data/images_noisy/duck_noisy_3_9.jpg,duck,noisy,3,9
1190,data/images_noisy/duck_noisy_6_5.jpg,duck,noisy,6,5
1191,data/images_noisy/squirrel_noisy_4_2.jpg,squirrel,noisy,4,2
1192,data/images_noisy/chicken_noisy_6_1.jpg,chicken,noisy,6,1
1193,data/images_noisy/chicken_noisy_4_6.jpg,chicken,noisy,4,6
1194,data/images_noisy/squirrel_noisy_6_0.jpg,squirrel,noisy,6,0
1195,data/images_noisy/squirrel_noisy_2_7.jpg,squirrel,noisy,2,7
1196,data/images_noisy/squirrel_noisy_13_3.jpg,squirrel,noisy,13,3
1197,data/images_noisy/squirrel_noisy_11_9.jpg,squirrel,noisy,11,9
1198,data/images_noisy/chicken_noisy_17_8.jpg,chicken,noisy,17,8
1199,data/images_noisy/chicken_noisy_15_7.jpg,chicken,noisy,15,7
1200,data/images_noisy/duck_noisy_13_7.jpg,duck,noisy,13,7
1201,data/images_noisy/chicken_noisy_18_2.jpg,chicken,noisy,18,2
1202,data/images_noisy/squirrel_noisy_7_2.jpg,squirrel,noisy,7,2
1203,data/images_noisy/chicken_noisy_19_8.jpg,chicken,noisy,19,8
1204,data/images_noisy/duck_noisy_20_3.jpg,duck,noisy,20,3
1205,data/images_noisy/chicken_noisy_12_2.jpg,chicken,noisy,12,2
1206,data/images_noisy/squirrel_noisy_20_0.jpg,squirrel,noisy,20,0
1207,data/images_noisy/squirrel_noisy_14_6.jpg,squirrel,noisy,14,6
1208,data/images_noisy/chicken_noisy_3_9.jpg,chicken,noisy,3,9
1209,data/images_noisy/squirrel_noisy_13_6.jpg,squirrel,noisy,13,6
1210,data/images_noisy/chicken_noisy_18_4.jpg,chicken,noisy,18,4
1211,data/images_noisy/duck_noisy_8_8.jpg,duck,noisy,8,8
1212,data/images_noisy/chicken_noisy_16_1.jpg,chicken,noisy,16,1
1213,data/images_noisy/chicken_noisy_17_9.jpg,chicken,noisy,17,9
1214,data/images_noisy/chicken_noisy_12_9.jpg,chicken,noisy,12,9
1215,data/images_noisy/duck_noisy_14_2.jpg,duck,noisy,14,2
